state_fips,county_fips,GEOID,county_name,usps_code
01,005,01005,Barbour,AL
01,023,01023,Choctaw,AL
01,035,01035,Conecuh,AL
01,051,01051,Elmore,AL
01,065,01065,Hale,AL
01,109,01109,Pike,AL
01,113,01113,Russell,AL
01,117,01117,Shelby,AL
02,016,02016,Aleutians West,AK
04,015,04015,Mohave,AZ
05,011,05011,Bradley,AR
05,015,05015,Carroll,AR
05,019,05019,Clark,AR
05,025,05025,Cleveland,AR
05,063,05063,Independence,AR
05,067,05067,Jackson,AR
05,091,05091,Miller,AR
05,121,05121,Randolph,AR
06,001,06001,Alameda,CA
06,005,06005,Amador,CA
06,013,06013,Contra Costa,CA
06,023,06023,Humboldt,CA
06,037,06037,Los Angeles,CA
06,047,06047,Merced,CA
06,067,06067,Sacramento,CA
06,085,06085,Santa Clara,CA
06,115,06115,Yuba,CA
08,013,08013,Boulder,CO
08,029,08029,Delta,CO
08,049,08049,Grand,CO
08,091,08091,Ouray,CO
09,009,09009,New Haven,CT
11,001,11001,District of Columbia,DC
12,009,12009,Brevard,FL
12,023,12023,Columbia,FL
12,039,12039,Gadsden,FL
12,065,12065,Jefferson,FL
12,073,12073,Leon,FL
12,095,12095,Orange,FL
12,107,12107,Putnam,FL
12,117,12117,Seminole,FL
12,123,12123,Taylor,FL
12,133,12133,Washington,FL
13,009,13009,Baldwin,GA
13,013,13013,Barrow,GA
13,027,13027,Brooks,GA
13,073,13073,Columbia,GA
13,103,13103,Effingham,GA
13,149,13149,Heard,GA
13,179,13179,Liberty,GA
13,189,13189,McDuffie,GA
13,205,13205,Mitchell,GA
13,229,13229,Pierce,GA
13,267,13267,Tattnall,GA
13,291,13291,Union,GA
13,305,13305,Wayne,GA
13,319,13319,Wilkinson,GA
15,007,15007,Kauai,HI
16,015,16015,Boise,ID
16,027,16027,Canyon,ID
16,037,16037,Custer,ID
16,039,16039,Elmore,ID
16,043,16043,Fremont,ID
16,061,16061,Lewis,ID
16,083,16083,Twin Falls,ID
16,085,16085,Valley,ID
17,097,17097,Lake,IL
17,107,17107,Logan,IL
17,197,17197,Will,IL
18,007,18007,Benton,IN
18,027,18027,Daviess,IN
18,061,18061,Harrison,IN
18,103,18103,Miami,IN
18,123,18123,Perry,IN
18,157,18157,Tippecanoe,IN
18,175,18175,Washington,IN
19,041,19041,Clay,IA
19,045,19045,Clinton,IA
19,111,19111,Lee,IA
19,135,19135,Monroe,IA
20,067,20067,Grant,KS
20,095,20095,Kingman,KS
20,199,20199,Wallace,KS
21,013,21013,Bell,KY
21,031,21031,Butler,KY
21,065,21065,Estill,KY
21,069,21069,Fleming,KY
21,071,21071,Floyd,KY
21,099,21099,Hart,KY
21,109,21109,Jackson,KY
21,127,21127,Lawrence,KY
21,151,21151,Madison,KY
21,155,21155,Marion,KY
21,179,21179,Nelson,KY
21,195,21195,Pike,KY
21,203,21203,Rockcastle,KY
21,217,21217,Taylor,KY
21,237,21237,Wolfe,KY
22,001,22001,Acadia,LA
22,013,22013,Bienville,LA
22,029,22029,Concordia,LA
22,031,22031,De Soto,LA
22,033,22033,East Baton Rouge,LA
22,069,22069,Natchitoches,LA
22,071,22071,Orleans,LA
22,079,22079,Rapides,LA
22,085,22085,Sabine,LA
22,119,22119,Webster,LA
23,015,23015,Lincoln,ME
24,003,24003,Anne Arundel,MD
24,013,24013,Carroll,MD
24,043,24043,Washington,MD
25,017,25017,Middlesex,MA
26,041,26041,Delta,MI
26,099,26099,Macomb,MI
26,103,26103,Marquette,MI
26,109,26109,Menominee,MI
26,135,26135,Oscoda,MI
26,147,26147,St. Clair,MI
27,023,27023,Chippewa,MN
27,053,27053,Hennepin,MN
27,077,27077,Lake of the Woods,MN
27,101,27101,Murray,MN
27,129,27129,Renville,MN
27,139,27139,Scott,MN
27,163,27163,Washington,MN
28,033,28033,DeSoto,MS
28,105,28105,Oktibbeha,MS
28,157,28157,Wilkinson,MS
28,163,28163,Yazoo,MS
29,023,29023,Butler,MO
29,029,29029,Camden,MO
29,031,29031,Cape Girardeau,MO
29,033,29033,Carroll,MO
29,157,29157,Perry,MO
29,189,29189,St. Louis,MO
29,199,29199,Scotland,MO
29,207,29207,Stoddard,MO
30,013,30013,Cascade,MT
30,015,30015,Chouteau,MT
30,023,30023,Deer Lodge,MT
30,029,30029,Flathead,MT
30,039,30039,Granite,MT
30,057,30057,Madison,MT
30,071,30071,Phillips,MT
30,087,30087,Rosebud,MT
30,105,30105,Valley,MT
31,059,31059,Fillmore,NE
31,167,31167,Stanton,NE
34,003,34003,Bergen,NJ
34,007,34007,Camden,NJ
34,013,34013,Essex,NJ
34,019,34019,Hunterdon,NJ
35,007,35007,Colfax,NM
35,011,35011,De Baca,NM
35,017,35017,Grant,NM
35,021,35021,Harding,NM
35,051,35051,Sierra,NM
36,013,36013,Chautauqua,NY
36,019,36019,Clinton,NY
36,043,36043,Herkimer,NY
36,045,36045,Jefferson,NY
36,065,36065,Oneida,NY
36,077,36077,Otsego,NY
36,091,36091,Saratoga,NY
36,115,36115,Washington,NY
37,027,37027,Caldwell,NC
37,039,37039,Cherokee,NC
37,049,37049,Craven,NC
37,055,37055,Dare,NC
37,059,37059,Davie,NC
37,093,37093,Hoke,NC
37,103,37103,Jones,NC
37,111,37111,McDowell,NC
37,117,37117,Martin,NC
37,119,37119,Mecklenburg,NC
37,165,37165,Scotland,NC
37,175,37175,Transylvania,NC
37,199,37199,Yancey,NC
38,017,38017,Cass,ND
38,037,38037,Grant,ND
38,099,38099,Walsh,ND
38,105,38105,Williams,ND
39,035,39035,Cuyahoga,OH
39,039,39039,Defiance,OH
39,043,39043,Erie,OH
39,125,39125,Paulding,OH
40,065,40065,Jackson,OK
40,073,40073,Kingfisher,OK
40,145,40145,Wagoner,OK
41,001,41001,Baker,OR
41,021,41021,Gilliam,OR
41,035,41035,Klamath,OR
41,039,41039,Lane,OR
41,043,41043,Linn,OR
41,045,41045,Malheur,OR
41,051,41051,Multnomah,OR
42,005,42005,Armstrong,PA
42,029,42029,Chester,PA
42,035,42035,Clinton,PA
42,059,42059,Greene,PA
42,063,42063,Indiana,PA
42,067,42067,Juniata,PA
42,091,42091,Montgomery,PA
45,005,45005,Allendale,SC
45,025,45025,Chesterfield,SC
45,043,45043,Georgetown,SC
45,045,45045,Greenville,SC
45,049,45049,Hampton,SC
45,053,45053,Jasper,SC
45,077,45077,Pickens,SC
45,091,45091,York,SC
46,093,46093,Meade,SD
46,095,46095,Mellette,SD
46,103,46103,Pennington,SD
47,019,47019,Carter,TN
47,029,47029,Cocke,TN
47,033,47033,Crockett,TN
47,049,47049,Fentress,TN
47,073,47073,Hawkins,TN
47,081,47081,Hickman,TN
47,121,47121,Meigs,TN
47,149,47149,Rutherford,TN
47,159,47159,Smith,TN
48,011,48011,Armstrong,TX
48,023,48023,Baylor,TX
48,035,48035,Bosque,TX
48,055,48055,Caldwell,TX
48,083,48083,Coleman,TX
48,103,48103,Crane,TX
48,139,48139,Ellis,TX
48,141,48141,El Paso,TX
48,155,48155,Foard,TX
48,167,48167,Galveston,TX
48,213,48213,Henderson,TX
48,225,48225,Houston,TX
48,245,48245,Jefferson,TX
48,261,48261,Kenedy,TX
48,289,48289,Leon,TX
48,333,48333,Mills,TX
48,347,48347,Nacogdoches,TX
48,361,48361,Orange,TX
48,371,48371,Pecos,TX
48,395,48395,Robertson,TX
48,413,48413,Schleicher,TX
48,427,48427,Starr,TX
48,449,48449,Titus,TX
48,457,48457,Tyler,TX
48,471,48471,Walker,TX
48,475,48475,Ward,TX
48,499,48499,Wood,TX
49,001,49001,Beaver,UT
49,003,49003,Box Elder,UT
49,013,49013,Duchesne,UT
49,025,49025,Kane,UT
49,029,49029,Morgan,UT
49,035,49035,Salt Lake,UT
49,049,49049,Utah,UT
51,015,51015,Augusta,VA
51,051,51051,Dickenson,VA
51,053,51053,Dinwiddie,VA
51,069,51069,Frederick,VA
51,073,51073,Gloucester,VA
51,085,51085,Hanover,VA
51,099,51099,King George,VA
51,131,51131,Northampton,VA
51,143,51143,Pittsylvania,VA
51,145,51145,Powhatan,VA
51,159,51159,Richmond,VA
51,165,51165,Rockingham,VA
51,185,51185,Tazewell,VA
53,005,53005,Benton,WA
53,007,53007,Chelan,WA
53,009,53009,Clallam,WA
53,017,53017,Douglas,WA
53,031,53031,Jefferson,WA
53,037,53037,Kittitas,WA
53,065,53065,Stevens,WA
54,001,54001,Barbour,WV
54,005,54005,Boone,WV
54,039,54039,Kanawha,WV
54,045,54045,Logan,WV
54,063,54063,Monroe,WV
54,067,54067,Nicholas,WV
54,087,54087,Roane,WV
55,043,55043,Grant,WI
55,113,55113,Sawyer,WI
56,029,56029,Park,WY
60,010,60010,Eastern,NA
60,020,60020,Manu'a,NA
69,085,69085,Northern Islands,NA
69,100,69100,Rota,NA
72,023,72023,Cabo Rojo,NA
72,031,72031,Carolina,NA
72,037,72037,Ceiba,NA
72,039,72039,Ciales,NA
72,053,72053,Fajardo,NA
72,054,72054,Florida,NA
72,113,72113,Ponce,NA
72,127,72127,San Juan,NA
72,141,72141,Utuado,NA
72,147,72147,Vieques,NA
72,151,72151,Yabucoa,NA
78,010,78010,St. Croix,NA
78,020,78020,St. John,NA
01,049,01049,DeKalb,AL
01,069,01069,Houston,AL
01,087,01087,Macon,AL
01,091,01091,Marengo,AL
01,095,01095,Marshall,AL
01,101,01101,Montgomery,AL
01,115,01115,St. Clair,AL
01,119,01119,Sumter,AL
01,121,01121,Talladega,AL
01,131,01131,Wilcox,AL
02,105,02105,Hoonah-Angoon,AK
02,240,02240,Southeast Fairbanks,AK
04,005,04005,Coconino,AZ
04,009,04009,Graham,AZ
04,013,04013,Maricopa,AZ
04,027,04027,Yuma,AZ
05,003,05003,Ashley,AR
05,007,05007,Benton,AR
05,013,05013,Calhoun,AR
05,021,05021,Clay,AR
05,061,05061,Howard,AR
05,075,05075,Lawrence,AR
05,093,05093,Mississippi,AR
05,095,05095,Monroe,AR
05,099,05099,Nevada,AR
05,117,05117,Prairie,AR
05,131,05131,Sebastian,AR
05,133,05133,Sevier,AR
05,147,05147,Woodruff,AR
06,045,06045,Mendocino,CA
06,055,06055,Napa,CA
06,065,06065,Riverside,CA
06,069,06069,San Benito,CA
06,073,06073,San Diego,CA
06,097,06097,Sonoma,CA
06,101,06101,Sutter,CA
06,107,06107,Tulare,CA
06,113,06113,Yolo,CA
08,023,08023,Costilla,CO
08,031,08031,Denver,CO
08,037,08037,Eagle,CO
08,071,08071,Las Animas,CO
08,093,08093,Park,CO
08,105,08105,Rio Grande,CO
08,113,08113,San Miguel,CO
09,001,09001,Fairfield,CT
09,011,09011,New London,CT
10,005,10005,Sussex,DE
12,017,12017,Citrus,FL
12,033,12033,Escambia,FL
12,041,12041,Gilchrist,FL
12,047,12047,Hamilton,FL
12,071,12071,Lee,FL
12,077,12077,Liberty,FL
12,086,12086,Miami-Dade,FL
12,093,12093,Okeechobee,FL
12,097,12097,Osceola,FL
13,021,13021,Bibb,GA
13,029,13029,Bryan,GA
20,055,20055,Finney,KS
20,143,20143,Ottawa,KS
20,171,20171,Scott,KS
21,005,21005,Anderson,KY
21,011,21011,Bath,KY
21,025,21025,Breathitt,KY
21,029,21029,Bullitt,KY
21,033,21033,Caldwell,KY
21,043,21043,Carter,KY
21,049,21049,Clark,KY
21,059,21059,Daviess,KY
21,067,21067,Fayette,KY
21,085,21085,Grayson,KY
21,095,21095,Harlan,KY
21,115,21115,Johnson,KY
21,119,21119,Knott,KY
21,121,21121,Knox,KY
21,135,21135,Lewis,KY
21,153,21153,Magoffin,KY
21,159,21159,Martin,KY
21,167,21167,Mercer,KY
21,177,21177,Muhlenberg,KY
21,181,21181,Nicholas,KY
21,193,21193,Perry,KY
21,231,21231,Wayne,KY
22,035,22035,East Carroll,LA
22,039,22039,Evangeline,LA
22,053,22053,Jefferson Davis,LA
22,063,22063,Livingston,LA
22,067,22067,Morehouse,LA
22,083,22083,Richland,LA
22,103,22103,St. Tammany,LA
22,111,22111,Union,LA
22,127,22127,Winn,LA
23,007,23007,Franklin,ME
23,017,23017,Oxford,ME
23,027,23027,Waldo,ME
23,031,23031,York,ME
24,001,24001,Allegany,MD
24,005,24005,Baltimore,MD
24,017,24017,Charles,MD
24,021,24021,Frederick,MD
24,031,24031,Montgomery,MD
24,041,24041,Talbot,MD
24,045,24045,Wicomico,MD
25,005,25005,Bristol,MA
25,023,25023,Plymouth,MA
25,025,25025,Suffolk,MA
26,053,26053,Gogebic,MI
26,063,26063,Huron,MI
26,083,26083,Keweenaw,MI
26,097,26097,Mackinac,MI
26,115,26115,Monroe,MI
13,051,13051,Chatham,GA
13,075,13075,Cook,GA
13,113,13113,Fayette,GA
13,123,13123,Gilmer,GA
13,137,13137,Habersham,GA
13,139,13139,Hall,GA
13,143,13143,Haralson,GA
13,151,13151,Henry,GA
13,181,13181,Lincoln,GA
13,191,13191,McIntosh,GA
13,195,13195,Madison,GA
13,227,13227,Pickens,GA
13,245,13245,Richmond,GA
13,261,13261,Sumter,GA
13,279,13279,Toombs,GA
13,283,13283,Treutlen,GA
51,111,51111,Lunenburg,VA
13,289,13289,Twiggs,GA
51,175,51175,Southampton,VA
13,313,13313,Whitfield,GA
13,317,13317,Wilkes,GA
15,001,15001,Hawaii,HI
15,009,15009,Maui,HI
16,005,16005,Bannock,ID
16,059,16059,Lemhi,ID
16,073,16073,Owyhee,ID
16,077,16077,Power,ID
16,087,16087,Washington,ID
17,027,17027,Clinton,IL
17,031,17031,Cook,IL
17,047,17047,Edwards,IL
17,109,17109,McDonough,IL
17,129,17129,Menard,IL
17,175,17175,Stark,IL
17,185,17185,Wabash,IL
18,009,18009,Blackford,IN
18,035,18035,Delaware,IN
18,067,18067,Howard,IN
18,083,18083,Knox,IN
18,159,18159,Tipton,IN
19,027,19027,Carroll,IA
19,075,19075,Grundy,IA
19,125,19125,Marion,IA
19,147,19147,Palo Alto,IA
19,187,19187,Webster,IA
35,055,35055,Taos,NM
36,031,36031,Essex,NY
36,105,36105,Sullivan,NY
36,119,36119,Westchester,NY
37,009,37009,Ashe,NC
37,013,37013,Beaufort,NC
37,017,37017,Bladen,NC
37,053,37053,Currituck,NC
37,057,37057,Davidson,NC
37,065,37065,Edgecombe,NC
37,075,37075,Graham,NC
37,085,37085,Harnett,NC
37,089,37089,Henderson,NC
37,095,37095,Hyde,NC
37,115,37115,Madison,NC
37,123,37123,Montgomery,NC
37,129,37129,New Hanover,NC
37,133,37133,Onslow,NC
37,137,37137,Pamlico,NC
37,153,37153,Richmond,NC
37,163,37163,Sampson,NC
37,167,37167,Stanly,NC
37,177,37177,Tyrrell,NC
38,005,38005,Benson,ND
38,019,38019,Cavalier,ND
38,053,38053,McKenzie,ND
38,059,38059,Morton,ND
38,067,38067,Pembina,ND
38,077,38077,Richland,ND
39,061,39061,Hamilton,OH
39,095,39095,Lucas,OH
39,137,39137,Putnam,OH
39,175,39175,Wyandot,OH
40,013,40013,Bryan,OK
40,027,40027,Cleveland,OK
40,057,40057,Harmon,OK
40,067,40067,Jefferson,OK
40,075,40075,Kiowa,OK
40,087,40087,McClain,OK
40,095,40095,Marshall,OK
40,125,40125,Pottawatomie,OK
40,135,40135,Sequoyah,OK
27,011,27011,Big Stone,MN
27,013,27013,Blue Earth,MN
27,027,27027,Clay,MN
27,031,27031,Cook,MN
27,073,27073,Lac qui Parle,MN
27,075,27075,Lake,MN
27,089,27089,Marshall,MN
27,097,27097,Morrison,MN
27,113,27113,Pennington,MN
27,127,27127,Redwood,MN
27,171,27171,Wright,MN
28,001,28001,Adams,MS
28,029,28029,Copiah,MS
28,043,28043,Grenada,MS
28,083,28083,Leflore,MS
28,087,28087,Lowndes,MS
28,103,28103,Noxubee,MS
28,121,28121,Rankin,MS
28,141,28141,Tishomingo,MS
28,149,28149,Warren,MS
28,151,28151,Washington,MS
29,041,29041,Chariton,MO
29,069,29069,Dunklin,MO
29,087,29087,Holt,MO
29,113,29113,Lincoln,MO
29,159,29159,Pettis,MO
29,183,29183,St. Charles,MO
29,195,29195,Saline,MO
29,201,29201,Scott,MO
30,011,30011,Carter,MT
30,027,30027,Fergus,MT
30,031,30031,Gallatin,MT
30,045,30045,Judith Basin,MT
30,049,30049,Lewis and Clark,MT
30,055,30055,McCone,MT
30,059,30059,Meagher,MT
30,073,30073,Pondera,MT
30,085,30085,Roosevelt,MT
30,099,30099,Teton,MT
31,069,31069,Garden,NE
31,103,31103,Keya Paha,NE
31,151,31151,Saline,NE
32,003,32003,Clark,NV
32,015,32015,Lander,NV
33,007,33007,Coos,NH
33,015,33015,Rockingham,NH
33,017,33017,Strafford,NH
34,001,34001,Atlantic,NJ
34,005,34005,Burlington,NJ
34,021,34021,Mercer,NJ
34,025,34025,Monmouth,NJ
34,029,34029,Ocean,NJ
34,035,34035,Somerset,NJ
35,015,35015,Eddy,NM
35,039,35039,Rio Arriba,NM
41,007,41007,Clatsop,OR
41,017,41017,Deschutes,OR
41,019,41019,Douglas,OR
42,003,42003,Allegheny,PA
42,033,42033,Clearfield,PA
42,041,42041,Cumberland,PA
42,045,42045,Delaware,PA
42,051,42051,Fayette,PA
42,061,42061,Huntingdon,PA
42,071,42071,Lancaster,PA
42,089,42089,Monroe,PA
42,099,42099,Perry,PA
42,127,42127,Wayne,PA
42,133,42133,York,PA
44,009,44009,Washington,RI
45,003,45003,Aiken,SC
45,007,45007,Anderson,SC
45,017,45017,Calhoun,SC
45,035,45035,Dorchester,SC
45,041,45041,Florence,SC
45,051,45051,Horry,SC
45,055,45055,Kershaw,SC
51,097,51097,King and Queen,VA
51,107,51107,Loudoun,VA
51,121,51121,Montgomery,VA
51,137,51137,Orange,VA
51,139,51139,Page,VA
51,155,51155,Pulaski,VA
51,163,51163,Rockbridge,VA
51,179,51179,Stafford,VA
51,187,51187,Warren,VA
51,199,51199,York,VA
53,047,53047,Okanogan,WA
53,049,53049,Pacific,WA
53,061,53061,Snohomish,WA
53,071,53071,Walla Walla,WA
54,003,54003,Berkeley,WV
54,007,54007,Braxton,WV
54,013,54013,Calhoun,WV
54,017,54017,Doddridge,WV
54,019,54019,Fayette,WV
54,027,54027,Hampshire,WV
54,037,54037,Jefferson,WV
54,041,54041,Lewis,WV
54,043,54043,Lincoln,WV
54,057,54057,Mineral,WV
54,065,54065,Morgan,WV
54,071,54071,Pendleton,WV
54,075,54075,Pocahontas,WV
54,093,54093,Tucker,WV
54,099,54099,Wayne,WV
55,007,55007,Bayfield,WI
55,023,55023,Crawford,WI
55,051,55051,Iron,WI
55,057,55057,Juneau,WI
55,107,55107,Rusk,WI
55,121,55121,Trempealeau,WI
56,003,56003,Big Horn,WY
56,013,56013,Fremont,WY
56,035,56035,Sublette,WY
01,041,01041,Crenshaw,AL
01,099,01099,Monroe,AL
02,100,02100,Haines,AK
04,001,04001,Apache,AZ
05,001,05001,Arkansas,AR
05,029,05029,Conway,AR
05,057,05057,Hempstead,AR
05,145,05145,White,AR
06,017,06017,El Dorado,CA
06,043,06043,Mariposa,CA
06,071,06071,San Bernardino,CA
08,035,08035,Douglas,CO
10,003,10003,New Castle,DE
12,079,12079,Madison,FL
12,113,12113,Santa Rosa,FL
13,001,13001,Appling,GA
13,135,13135,Gwinnett,GA
13,311,13311,White,GA
45,059,45059,Laurens,SC
45,065,45065,McCormick,SC
45,075,45075,Orangeburg,SC
45,079,45079,Richland,SC
45,085,45085,Sumter,SC
46,023,46023,Charles Mix,SD
46,041,46041,Dewey,SD
46,055,46055,Haakon,SD
46,075,46075,Jones,SD
46,127,46127,Union,SD
46,137,46137,Ziebach,SD
47,013,47013,Campbell,TN
47,021,47021,Cheatham,TN
47,035,47035,Cumberland,TN
47,037,47037,Davidson,TN
47,041,47041,DeKalb,TN
47,045,47045,Dyer,TN
47,059,47059,Greene,TN
47,065,47065,Hamilton,TN
47,079,47079,Henry,TN
47,093,47093,Knox,TN
47,107,47107,McMinn,TN
47,117,47117,Marshall,TN
47,141,47141,Putnam,TN
47,143,47143,Rhea,TN
47,155,47155,Sevier,TN
47,157,47157,Shelby,TN
47,165,47165,Sumner,TN
47,167,47167,Tipton,TN
48,001,48001,Anderson,TX
48,005,48005,Angelina,TX
48,029,48029,Bexar,TX
48,033,48033,Borden,TX
48,039,48039,Brazoria,TX
48,057,48057,Calhoun,TX
48,109,48109,Culberson,TX
48,119,48119,Delta,TX
48,173,48173,Glasscock,TX
48,187,48187,Guadalupe,TX
48,205,48205,Hartley,TX
48,215,48215,Hidalgo,TX
48,223,48223,Hopkins,TX
48,263,48263,Kent,TX
48,273,48273,Kleberg,TX
48,287,48287,Lee,TX
48,315,48315,Marion,TX
48,321,48321,Matagorda,TX
48,339,48339,Montgomery,TX
48,349,48349,Navarro,TX
48,373,48373,Polk,TX
48,377,48377,Presidio,TX
48,383,48383,Reagan,TX
48,387,48387,Red River,TX
48,405,48405,San Augustine,TX
48,429,48429,Stephens,TX
48,453,48453,Travis,TX
48,455,48455,Trinity,TX
48,467,48467,Van Zandt,TX
48,473,48473,Waller,TX
48,479,48479,Webb,TX
48,491,48491,Williamson,TX
49,045,49045,Tooele,UT
49,051,49051,Wasatch,UT
50,027,50027,Windsor,VT
51,007,51007,Amelia,VA
51,017,51017,Bath,VA
51,019,51019,Bedford,VA
51,023,51023,Botetourt,VA
51,036,51036,Charles City,VA
51,041,51041,Chesterfield,VA
51,057,51057,Essex,VA
51,067,51067,Franklin,VA
51,091,51091,Highland,VA
37,125,37125,Moore,NC
40,133,40133,Seminole,OK
35,019,35019,Guadalupe,NM
45,027,45027,Clarendon,SC
45,047,45047,Greenwood,SC
53,073,53073,Whatcom,WA
47,085,47085,Humphreys,TN
51,063,51063,Floyd,VA
01,043,01043,Cullman,AL
02,195,02195,Petersburg,AK
06,091,06091,Sierra,CA
12,083,12083,Marion,FL
13,007,13007,Baker,GA
18,125,18125,Pike,IN
21,055,21055,Crittenden,KY
22,017,22017,Caddo,LA
22,115,22115,Vernon,LA
30,005,30005,Blaine,MT
36,063,36063,Niagara,NY
40,089,40089,McCurtain,OK
44,005,44005,Newport,RI
46,117,46117,Stanley,SD
47,091,47091,Johnson,TN
48,129,48129,Donley,TX
51,117,51117,Mecklenburg,VA
53,027,53027,Grays Harbor,WA
54,059,54059,Mingo,WV
02,170,02170,Matanuska-Susitna,AK
06,093,06093,Siskiyou,CA
10,001,10001,Kent,DE
22,043,22043,Grant,LA
23,003,23003,Aroostook,ME
13,163,13163,Jefferson,GA
13,251,13251,Screven,GA
13,303,13303,Washington,GA
19,039,19039,Clarke,IA
27,021,27021,Cass,MN
28,089,28089,Madison,MS
30,007,30007,Broadwater,MT
30,093,30093,Silver Bow,MT
34,011,34011,Cumberland,NJ
42,031,42031,Clarion,PA
51,191,51191,Washington,VA
45,069,45069,Marlboro,SC
47,055,47055,Giles,TN
47,127,47127,Moore,TN
48,345,48345,Motley,TX
51,081,51081,Greensville,VA
01,009,01009,Blount,AL
01,025,01025,Clarke,AL
01,085,01085,Lowndes,AL
05,073,05073,Lafayette,AR
06,053,06053,Monterey,CA
06,099,06099,Stanislaus,CA
08,067,08067,La Plata,CO
12,045,12045,Gulf,FL
12,121,12121,Suwannee,FL
16,041,16041,Franklin,ID
16,079,16079,Shoshone,ID
18,021,18021,Clay,IN
19,035,19035,Cherokee,IA
20,033,20033,Comanche,KS
21,147,21147,McCreary,KY
21,175,21175,Morgan,KY
22,005,22005,Ascension,LA
22,025,22025,Catahoula,LA
22,037,22037,East Feliciana,LA
22,091,22091,St. Helena,LA
22,109,22109,Terrebonne,LA
24,047,24047,Worcester,MD
26,055,26055,Grand Traverse,MI
27,015,27015,Brown,MN
27,087,27087,Mahnomen,MN
28,109,28109,Pearl River,MS
29,003,29003,Andrew,MO
29,027,29027,Callaway,MO
30,009,30009,Carbon,MT
30,033,30033,Garfield,MT
30,063,30063,Missoula,MT
31,057,31057,Dundy,NE
36,009,36009,Cattaraugus,NY
36,071,36071,Orange,NY
36,111,36111,Ulster,NY
37,015,37015,Bertie,NC
37,101,37101,Johnston,NC
37,131,37131,Northampton,NC
40,113,40113,Osage,OK
41,015,41015,Curry,OR
42,101,42101,Philadelphia,PA
42,129,42129,Westmoreland,PA
45,009,45009,Bamberg,SC
45,057,45057,Lancaster,SC
45,087,45087,Union,SC
47,025,47025,Claiborne,TN
47,053,47053,Gibson,TN
47,163,47163,Sullivan,TN
48,003,48003,Andrews,TX
48,089,48089,Colorado,TX
48,135,48135,Ector,TX
48,203,48203,Harrison,TX
48,351,48351,Newton,TX
48,379,48379,Rains,TX
48,409,48409,San Patricio,TX
49,007,49007,Carbon,UT
49,019,49019,Grand,UT
51,005,51005,Alleghany,VA
51,029,51029,Buckingham,VA
51,061,51061,Fauquier,VA
51,141,51141,Patrick,VA
51,167,51167,Russell,VA
51,193,51193,Westmoreland,VA
53,011,53011,Clark,WA
53,033,53033,King,WA
55,001,55001,Adams,WI
55,029,55029,Door,WI
72,097,72097,Mayagüez,NA
05,017,05017,Chicot,AR
05,041,05041,Desha,AR
08,051,08051,Gunnison,CO
22,107,22107,Tensas,LA
22,123,22123,West Carroll,LA
18,179,18179,Wells,IN
13,215,13215,Muscogee,GA
13,263,13263,Talbot,GA
13,301,13301,Warren,GA
16,031,16031,Cassia,ID
17,125,17125,Mason,IL
18,051,18051,Gibson,IN
20,083,20083,Hodgeman,KS
21,079,21079,Garrard,KY
21,123,21123,Larue,KY
21,209,21209,Scott,KY
22,065,22065,Madison,LA
22,105,22105,Tangipahoa,LA
24,037,24037,St. Mary's,MD
26,047,26047,Emmet,MI
28,061,28061,Jasper,MS
27,051,27051,Grant,MN
27,137,27137,St. Louis,MN
28,021,28021,Claiborne,MS
28,053,28053,Humphreys,MS
28,137,28137,Tate,MS
30,035,30035,Glacier,MT
30,061,30061,Mineral,MT
31,009,31009,Blaine,NE
32,033,32033,White Pine,NV
34,009,34009,Cape May,NJ
41,003,41003,Benton,OR
42,023,42023,Cameron,PA
42,055,42055,Franklin,PA
44,007,44007,Providence,RI
51,149,51149,Prince George,VA
53,067,53067,Thurston,WA
54,023,54023,Grant,WV
54,109,54109,Wyoming,WV
13,107,13107,Emanuel,GA
16,007,16007,Bear Lake,ID
45,073,45073,Oconee,SC
47,003,47003,Bedford,TN
47,031,47031,Coffee,TN
47,089,47089,Jefferson,TN
47,147,47147,Robertson,TN
48,015,48015,Austin,TX
48,105,48105,Crockett,TX
48,277,48277,Lamar,TX
48,391,48391,Refugio,TX
48,469,48469,Victoria,TX
51,003,51003,Albemarle,VA
51,031,51031,Campbell,VA
51,059,51059,Fairfax,VA
35,029,35029,Luna,NM
08,027,08027,Custer,CO
13,265,13265,Taliaferro,GA
02,050,02050,Bethel,AK
05,039,05039,Dallas,AR
06,015,06015,Del Norte,CA
06,039,06039,Madera,CA
06,105,06105,Trinity,CA
08,043,08043,Fremont,CO
08,107,08107,Routt,CO
12,069,12069,Lake,FL
12,103,12103,Pinellas,FL
13,033,13033,Burke,GA
13,219,13219,Oconee,GA
16,035,16035,Clearwater,ID
16,069,16069,Nez Perce,ID
18,071,18071,Jackson,IN
19,087,19087,Henry,IA
21,003,21003,Allen,KY
21,107,21107,Hopkins,KY
21,165,21165,Menifee,KY
30,043,30043,Jefferson,MT
30,081,30081,Ravalli,MT
33,009,33009,Grafton,NH
34,027,34027,Morris,NJ
36,075,36075,Oswego,NY
37,021,37021,Buncombe,NC
37,145,37145,Person,NC
37,193,37193,Wilkes,NC
39,021,39021,Champaign,OH
40,141,40141,Tillman,OK
41,031,41031,Jefferson,OR
41,047,41047,Marion,OR
42,125,42125,Washington,PA
45,029,45029,Colleton,SC
45,071,45071,Newberry,SC
46,085,46085,Lyman,SD
47,057,47057,Grainger,TN
47,145,47145,Roane,TN
47,183,47183,Weakley,TN
48,041,48041,Brazos,TX
48,079,48079,Cochran,TX
48,341,48341,Moore,TX
48,419,48419,Shelby,TX
49,005,49005,Cache,UT
49,023,49023,Juab,UT
51,103,51103,Lancaster,VA
51,157,51157,Rappahannock,VA
53,019,53019,Ferry,WA
53,075,53075,Whitman,WA
54,083,54083,Randolph,WV
55,011,55011,Buffalo,WI
56,033,56033,Sheridan,WY
56,039,56039,Teton,WY
60,050,60050,Western,NA
78,030,78030,St. Thomas,NA
01,073,01073,Jefferson,AL
01,129,01129,Washington,AL
02,122,02122,Kenai Peninsula,AK
04,025,04025,Yavapai,AZ
05,085,05085,Lonoke,AR
06,063,06063,Plumas,CA
06,089,06089,Shasta,CA
08,033,08033,Dolores,CO
08,069,08069,Larimer,CO
12,029,12029,Dixie,FL
12,089,12089,Nassau,FL
20,161,20161,Riley,KS
21,063,21063,Elliott,KY
21,097,21097,Harrison,KY
21,133,21133,Letcher,KY
21,187,21187,Owen,KY
22,045,22045,Iberia,LA
22,073,22073,Ouachita,LA
24,011,24011,Caroline,MD
13,153,13153,Houston,GA
13,185,13185,Lowndes,GA
13,213,13213,Murray,GA
13,237,13237,Putnam,GA
17,171,17171,Scott,IL
19,063,19063,Emmet,IA
36,017,36017,Chenango,NY
37,019,37019,Brunswick,NC
37,047,37047,Columbus,NC
37,079,37079,Greene,NC
37,147,37147,Pitt,NC
37,173,37173,Swain,NC
39,167,39167,Washington,OH
40,023,40023,Choctaw,OK
35,023,35023,Hidalgo,NM
42,017,42017,Bucks,PA
51,101,51101,King William,VA
51,147,51147,Prince Edward,VA
51,195,51195,Wise,VA
54,033,54033,Harrison,WV
55,037,55037,Florence,WI
55,075,55075,Marinette,WI
01,071,01071,Jackson,AL
13,019,13019,Berrien,GA
45,083,45083,Spartanburg,SC
48,061,48061,Cameron,TX
48,201,48201,Harris,TX
48,401,48401,Rusk,TX
48,459,48459,Upshur,TX
51,027,51027,Buchanan,VA
31,073,31073,Gosper,NE
06,009,06009,Calaveras,CA
26,003,26003,Alger,MI
41,023,41023,Grant,OR
17,017,17017,Cass,IL
37,139,37139,Pasquotank,NC
06,011,06011,Colusa,CA
16,029,16029,Caribou,ID
21,089,21089,Greenup,KY
26,089,26089,Leelanau,MI
26,141,26141,Presque Isle,MI
32,031,32031,Washoe,NV
38,097,38097,Traill,ND
47,105,47105,Loudon,TN
48,175,48175,Goliad,TX
48,503,48503,Young,TX
01,013,01013,Butler,AL
01,015,01015,Calhoun,AL
21,235,21235,Whitley,KY
22,057,22057,Lafourche,LA
24,023,24023,Garrett,MD
26,013,26013,Baraga,MI
26,071,26071,Iron,MI
27,119,27119,Polk,MN
27,167,27167,Wilkin,MN
28,051,28051,Holmes,MS
29,013,29013,Bates,MO
29,095,29095,Jackson,MO
30,053,30053,Lincoln,MT
35,033,35033,Mora,NM
36,059,36059,Nassau,NY
38,003,38003,Barnes,ND
38,055,38055,McLean,ND
40,055,40055,Greer,OK
40,117,40117,Pawnee,OK
42,043,42043,Dauphin,PA
42,097,42097,Northumberland,PA
45,015,45015,Berkeley,SC
47,009,47009,Blount,TN
47,129,47129,Morgan,TN
47,187,47187,Williamson,TN
48,065,48065,Carson,TX
48,157,48157,Fort Bend,TX
48,207,48207,Haskell,TX
51,093,51093,Isle of Wight,VA
51,171,51171,Shenandoah,VA
53,021,53021,Franklin,WA
53,055,53055,San Juan,WA
66,010,66010,Guam,NA
01,059,01059,Franklin,AL
02,020,02020,Anchorage,AK
04,021,04021,Pinal,AZ
05,069,05069,Jefferson,AR
05,107,05107,Phillips,AR
06,041,06041,Marin,CA
08,001,08001,Adams,CO
27,069,27069,Kittson,MN
12,007,12007,Bradford,FL
13,031,13031,Bulloch,GA
20,195,20195,Trego,KS
21,101,21101,Henderson,KY
21,183,21183,Ohio,KY
22,059,22059,LaSalle,LA
24,027,24027,Howard,MD
25,015,25015,Hampshire,MA
26,029,26029,Charlevoix,MI
13,077,13077,Coweta,GA
13,157,13157,Jackson,GA
13,241,13241,Rabun,GA
17,003,17003,Alexander,IL
17,189,17189,Washington,IL
20,003,20003,Anderson,KS
36,113,36113,Warren,NY
37,031,37031,Carteret,NC
37,113,37113,Macon,NC
38,035,38035,Grand Forks,ND
39,123,39123,Ottawa,OH
39,161,39161,Van Wert,OH
40,101,40101,Muskogee,OK
27,107,27107,Norman,MN
28,049,28049,Hinds,MS
29,171,29171,Putnam,MO
30,075,30075,Powder River,MT
32,011,32011,Eureka,NV
34,033,34033,Salem,NJ
01,017,01017,Chambers,AL
01,021,01021,Chilton,AL
01,027,01027,Clay,AL
01,029,01029,Cleburne,AL
05,005,05005,Baxter,AR
05,009,05009,Boone,AR
05,043,05043,Drew,AR
05,049,05049,Fulton,AR
05,053,05053,Grant,AR
05,077,05077,Lee,AR
01,037,01037,Coosa,AL
01,039,01039,Covington,AL
01,061,01061,Geneva,AL
01,075,01075,Lamar,AL
01,093,01093,Marion,AL
01,103,01103,Morgan,AL
01,133,01133,Winston,AL
02,070,02070,Dillingham,AK
02,110,02110,Juneau,AK
02,150,02150,Kodiak Island,AK
02,220,02220,Sitka,AK
02,261,02261,Valdez-Cordova,AK
04,011,04011,Greenlee,AZ
04,023,04023,Santa Cruz,AZ
08,003,08003,Alamosa,CO
08,015,08015,Chaffee,CO
08,021,08021,Conejos,CO
08,039,08039,Elbert,CO
08,059,08059,Jefferson,CO
08,073,08073,Lincoln,CO
08,101,08101,Pueblo,CO
08,121,08121,Washington,CO
08,125,08125,Yuma,CO
09,005,09005,Litchfield,CT
05,101,05101,Newton,AR
05,105,05105,Perry,AR
05,115,05115,Pope,AR
05,129,05129,Searcy,AR
05,135,05135,Sharp,AR
06,021,06021,Glenn,CA
06,025,06025,Imperial,CA
06,061,06061,Placer,CA
06,109,06109,Tuolumne,CA
05,149,05149,Yell,AR
06,031,06031,Kings,CA
06,035,06035,Lassen,CA
06,075,06075,San Francisco,CA
09,013,09013,Tolland,CT
12,035,12035,Flagler,FL
12,059,12059,Holmes,FL
13,063,13063,Clayton,GA
13,069,13069,Coffee,GA
13,083,13083,Dade,GA
13,093,13093,Dooly,GA
13,111,13111,Fannin,GA
12,087,12087,Monroe,FL
12,109,12109,St. Johns,FL
12,111,12111,St. Lucie,FL
12,115,12115,Sarasota,FL
13,003,13003,Atkinson,GA
13,023,13023,Bleckley,GA
13,037,13037,Calhoun,GA
13,053,13053,Chattahoochee,GA
13,059,13059,Clarke,GA
16,019,16019,Bonneville,ID
16,021,16021,Boundary,ID
16,033,16033,Clark,ID
16,045,16045,Gem,ID
16,051,16051,Jefferson,ID
16,065,16065,Madison,ID
13,117,13117,Forsyth,GA
13,145,13145,Harris,GA
13,159,13159,Jasper,GA
13,169,13169,Jones,GA
13,197,13197,Marion,GA
13,233,13233,Polk,GA
13,239,13239,Quitman,GA
13,243,13243,Randolph,GA
13,257,13257,Stephens,GA
13,287,13287,Turner,GA
13,295,13295,Walker,GA
15,003,15003,Honolulu,HI
16,009,16009,Benewah,ID
17,115,17115,Macon,IL
17,121,17121,Marion,IL
17,131,17131,Mercer,IL
17,135,17135,Montgomery,IL
17,145,17145,Perry,IL
17,149,17149,Pike,IL
17,159,17159,Richland,IL
17,173,17173,Shelby,IL
17,177,17177,Stephenson,IL
17,183,17183,Vermilion,IL
17,187,17187,Warren,IL
18,017,18017,Cass,IN
18,031,18031,Decatur,IN
16,075,16075,Payette,ID
17,005,17005,Bond,IL
17,011,17011,Bureau,IL
17,015,17015,Carroll,IL
17,021,17021,Christian,IL
17,029,17029,Coles,IL
17,053,17053,Ford,IL
17,059,17059,Gallatin,IL
17,063,17063,Grundy,IL
17,067,17067,Hancock,IL
17,073,17073,Henry,IL
17,091,17091,Kankakee,IL
18,129,18129,Posey,IN
18,133,18133,Putnam,IN
18,143,18143,Scott,IN
18,171,18171,Warren,IN
18,177,18177,Wayne,IN
18,181,18181,White,IN
19,001,19001,Adair,IA
19,007,19007,Appanoose,IA
19,017,19017,Bremer,IA
19,025,19025,Calhoun,IA
18,037,18037,Dubois,IN
18,041,18041,Fayette,IN
18,055,18055,Greene,IN
18,065,18065,Henry,IN
18,075,18075,Jay,IN
18,085,18085,Kosciusko,IN
18,091,18091,LaPorte,IN
18,095,18095,Madison,IN
18,097,18097,Marion,IN
18,099,18099,Marshall,IN
18,101,18101,Martin,IN
18,109,18109,Morgan,IN
18,111,18111,Newton,IN
18,115,18115,Ohio,IN
18,119,18119,Owen,IN
18,121,18121,Parke,IN
19,049,19049,Dallas,IA
19,055,19055,Delaware,IA
19,073,19073,Greene,IA
19,079,19079,Hamilton,IA
19,083,19083,Hardin,IA
19,097,19097,Jackson,IA
19,103,19103,Johnson,IA
20,087,20087,Jefferson,KS
20,089,20089,Jewell,KS
20,091,20091,Johnson,KS
20,097,20097,Kiowa,KS
20,101,20101,Lane,KS
20,105,20105,Lincoln,KS
20,109,20109,Logan,KS
20,111,20111,Lyon,KS
20,113,20113,McPherson,KS
20,125,20125,Montgomery,KS
19,117,19117,Lucas,IA
19,127,19127,Marshall,IA
19,131,19131,Mitchell,IA
19,141,19141,O'Brien,IA
19,159,19159,Ringgold,IA
19,165,19165,Shelby,IA
19,169,19169,Story,IA
19,175,19175,Union,IA
19,189,19189,Winnebago,IA
20,001,20001,Allen,KS
20,009,20009,Barton,KS
20,015,20015,Butler,KS
20,029,20029,Cloud,KS
20,043,20043,Doniphan,KS
20,049,20049,Elk,KS
20,053,20053,Ellsworth,KS
20,057,20057,Ford,KS
20,063,20063,Gove,KS
20,073,20073,Greenwood,KS
20,077,20077,Harper,KS
20,085,20085,Jackson,KS
29,167,29167,Polk,MO
29,173,29173,Ralls,MO
29,177,29177,Ray,MO
36,069,36069,Ontario,NY
36,073,36073,Orleans,NY
39,169,39169,Wayne,OH
40,007,40007,Beaver,OK
27,005,27005,Becker,MN
27,019,27019,Carver,MN
27,029,27029,Clearwater,MN
29,203,29203,Shannon,MO
29,223,29223,Wayne,MO
29,510,29510,St. Louis,MO
30,019,30019,Daniels,MT
36,079,36079,Putnam,NY
36,097,36097,Schuyler,NY
20,141,20141,Osborne,KS
20,159,20159,Rice,KS
20,169,20169,Saline,KS
20,175,20175,Seward,KS
20,183,20183,Smith,KS
20,189,20189,Stevens,KS
27,033,27033,Cottonwood,MN
27,043,27043,Faribault,MN
27,071,27071,Koochiching,MN
30,067,30067,Park,MT
30,095,30095,Stillwater,MT
30,101,30101,Toole,MT
36,107,36107,Tioga,NY
36,121,36121,Wyoming,NY
37,121,37121,Mitchell,NC
37,141,37141,Pender,NC
20,193,20193,Thomas,KS
21,017,21017,Bourbon,KY
21,021,21021,Boyle,KY
21,041,21041,Carroll,KY
27,081,27081,Lincoln,MN
27,091,27091,Martin,MN
27,095,27095,Mille Lacs,MN
27,109,27109,Olmsted,MN
27,125,27125,Red Lake,MN
31,003,31003,Antelope,NE
31,023,31023,Butler,NE
31,029,31029,Chase,NE
31,031,31031,Cherry,NE
37,001,37001,Alamance,NC
37,025,37025,Cabarrus,NC
21,045,21045,Casey,KY
21,075,21075,Fulton,KY
21,083,21083,Graves,KY
27,133,27133,Rock,MN
27,153,27153,Todd,MN
27,157,27157,Wabasha,MN
28,013,28013,Calhoun,MS
31,035,31035,Clay,NE
31,037,31037,Colfax,NE
31,039,31039,Cuming,NE
31,041,31041,Custer,NE
37,035,37035,Catawba,NC
37,097,37097,Iredell,NC
21,103,21103,Henry,KY
21,113,21113,Jessamine,KY
21,141,21141,Logan,KY
28,023,28023,Clarke,MS
28,037,28037,Franklin,MS
28,041,28041,Greene,MS
31,047,31047,Dawson,NE
31,051,31051,Dixon,NE
37,169,37169,Stokes,NC
37,179,37179,Union,NC
21,137,21137,Lincoln,KY
21,171,21171,Monroe,KY
28,047,28047,Harrison,MS
28,067,28067,Jones,MS
31,053,31053,Dodge,NE
31,055,31055,Douglas,NE
37,189,37189,Watauga,NC
38,007,38007,Billings,ND
38,023,38023,Divide,ND
21,199,21199,Pulaski,KY
21,213,21213,Simpson,KY
28,071,28071,Lafayette,MS
28,075,28075,Lauderdale,MS
28,085,28085,Lincoln,MS
31,065,31065,Furnas,NE
31,071,31071,Garfield,NE
31,081,31081,Hamilton,NE
38,027,38027,Eddy,ND
38,045,38045,LaMoure,ND
38,051,38051,McIntosh,ND
21,227,21227,Warren,KY
22,003,22003,Allen,LA
22,021,22021,Caldwell,LA
28,091,28091,Marion,MS
28,095,28095,Monroe,MS
28,115,28115,Pontotoc,MS
31,089,31089,Holt,NE
31,095,31095,Jefferson,NE
31,109,31109,Lancaster,NE
38,061,38061,Mountrail,ND
38,065,38065,Oliver,ND
22,023,22023,Cameron,LA
22,041,22041,Franklin,LA
22,051,22051,Jefferson,LA
22,075,22075,Plaquemines,LA
22,095,22095,St. John the Baptist,LA
22,125,22125,West Feliciana,LA
23,021,23021,Piscataquis,ME
24,009,24009,Calvert,MD
28,129,28129,Smith,MS
28,133,28133,Sunflower,MS
28,153,28153,Wayne,MS
28,159,28159,Winston,MS
28,161,28161,Yalobusha,MS
31,119,31119,Madison,NE
31,123,31123,Morrill,NE
31,133,31133,Pawnee,NE
31,137,31137,Phelps,NE
38,089,38089,Stark,ND
38,095,38095,Towner,ND
38,101,38101,Ward,ND
38,103,38103,Wells,ND
23,011,23011,Kennebec,ME
24,019,24019,Dorchester,MD
25,003,25003,Berkshire,MA
25,011,25011,Franklin,MA
25,021,25021,Norfolk,MA
29,001,29001,Adair,MO
29,005,29005,Atchison,MO
29,009,29009,Barry,MO
31,153,31153,Sarpy,NE
31,161,31161,Sheridan,NE
31,171,31171,Thomas,NE
39,001,39001,Adams,OH
39,007,39007,Ashtabula,OH
39,009,39009,Athens,OH
26,017,26017,Bay,MI
26,023,26023,Branch,MI
26,027,26027,Cass,MI
29,011,29011,Barton,MO
29,017,29017,Bollinger,MO
29,021,29021,Buchanan,MO
31,177,31177,Washington,NE
32,009,32009,Esmeralda,NV
32,013,32013,Humboldt,NV
39,013,39013,Belmont,OH
39,017,39017,Butler,OH
39,019,39019,Carroll,OH
26,037,26037,Clinton,MI
26,051,26051,Gladwin,MI
26,061,26061,Houghton,MI
29,035,29035,Carter,MO
29,047,29047,Clay,MO
29,061,29061,Daviess,MO
29,067,29067,Douglas,MO
32,023,32023,Nye,NV
32,510,32510,Carson City,NV
33,003,33003,Carroll,NH
39,025,39025,Clermont,OH
39,053,39053,Gallia,OH
39,067,39067,Harrison,OH
26,065,26065,Ingham,MI
26,075,26075,Jackson,MI
26,079,26079,Kalkaska,MI
26,095,26095,Luce,MI
26,119,26119,Montmorency,MI
29,077,29077,Greene,MO
29,081,29081,Harrison,MO
29,085,29085,Hickory,MO
33,013,33013,Merrimack,NH
34,037,34037,Sussex,NJ
39,073,39073,Hocking,OH
39,077,39077,Huron,OH
39,083,39083,Knox,OH
39,091,39091,Logan,OH
26,131,26131,Ontonagon,MI
26,133,26133,Osceola,MI
26,143,26143,Roscommon,MI
26,149,26149,St. Joseph,MI
29,105,29105,Laclede,MO
29,109,29109,Lawrence,MO
29,119,29119,McDonald,MO
35,003,35003,Catron,NM
35,037,35037,Quay,NM
35,047,35047,San Miguel,NM
35,057,35057,Torrance,NM
39,097,39097,Madison,OH
39,107,39107,Mercer,OH
39,121,39121,Noble,OH
39,131,39131,Pike,OH
26,155,26155,Shiawassee,MI
26,159,26159,Van Buren,MI
26,165,26165,Wexford,MI
27,001,27001,Aitkin,MN
29,125,29125,Maries,MO
29,133,29133,Mississippi,MO
29,149,29149,Oregon,MO
35,061,35061,Valencia,NM
36,033,36033,Franklin,NY
36,051,36051,Livingston,NY
36,057,36057,Montgomery,NY
36,067,36067,Onondaga,NY
39,135,39135,Preble,OH
39,155,39155,Trumbull,OH
39,159,39159,Union,OH
39,163,39163,Vinton,OH
20,131,20131,Nemaha,KS
40,017,40017,Canadian,OK
46,089,46089,McPherson,SD
46,097,46097,Miner,SD
46,099,46099,Minnehaha,SD
46,107,46107,Potter,SD
48,365,48365,Panola,TX
48,385,48385,Real,TX
48,399,48399,Runnels,TX
48,423,48423,Smith,TX
55,015,55015,Calumet,WI
55,021,55021,Columbia,WI
55,025,55025,Dane,WI
40,021,40021,Cherokee,OK
40,031,40031,Comanche,OK
40,035,40035,Craig,OK
46,109,46109,Roberts,SD
46,111,46111,Sanborn,SD
46,121,46121,Todd,SD
48,441,48441,Taylor,TX
48,451,48451,Tom Green,TX
48,481,48481,Wharton,TX
48,485,48485,Wichita,TX
55,039,55039,Fond du Lac,WI
55,059,55059,Kenosha,WI
55,067,55067,Langlade,WI
40,041,40041,Delaware,OK
40,045,40045,Ellis,OK
46,125,46125,Turner,SD
47,039,47039,Decatur,TN
48,489,48489,Willacy,TX
48,497,48497,Wise,TX
48,507,48507,Zavala,TX
55,073,55073,Marathon,WI
55,077,55077,Marquette,WI
55,085,55085,Oneida,WI
55,089,55089,Ozaukee,WI
40,069,40069,Johnston,OK
40,093,40093,Major,OK
40,103,40103,Noble,OK
47,043,47043,Dickson,TN
49,009,49009,Daggett,UT
49,021,49021,Iron,UT
49,027,49027,Millard,UT
50,009,50009,Essex,VT
55,105,55105,Rock,WI
55,119,55119,Taylor,WI
55,123,55123,Vernon,WI
40,107,40107,Okfuskee,OK
40,121,40121,Pittsburg,OK
47,087,47087,Jackson,TN
47,101,47101,Lewis,TN
50,019,50019,Orleans,VT
50,025,50025,Windham,VT
55,127,55127,Walworth,WI
56,001,56001,Albany,WY
72,079,72079,Lajas,NA
40,127,40127,Pushmataha,OK
40,131,40131,Rogers,OK
47,115,47115,Marion,TN
47,125,47125,Montgomery,TN
51,011,51011,Appomattox,VA
51,025,51025,Brunswick,VA
51,153,51153,Prince William,VA
51,181,51181,Surry,VA
72,011,72011,Añasco,NA
72,013,72013,Arecibo,NA
40,151,40151,Woods,OK
41,011,41011,Coos,OR
47,139,47139,Polk,TN
47,153,47153,Sequatchie,TN
51,043,51043,Clarke,VA
51,049,51049,Cumberland,VA
72,045,72045,Comerío,NA
72,047,72047,Corozal,NA
72,051,72051,Dorado,NA
41,025,41025,Harney,OR
41,027,41027,Hood River,OR
41,049,41049,Morrow,OR
47,169,47169,Trousdale,TN
47,177,47177,Warren,TN
48,017,48017,Bailey,TX
51,075,51075,Goochland,VA
56,005,56005,Campbell,WY
56,015,56015,Goshen,WY
56,019,56019,Johnson,WY
41,059,41059,Umatilla,OR
42,001,42001,Adams,PA
48,045,48045,Briscoe,TX
48,049,48049,Brown,TX
48,069,48069,Castro,TX
48,093,48093,Comanche,TX
51,079,51079,Greene,VA
72,017,72017,Barceloneta,NA
72,019,72019,Barranquitas,NA
42,011,42011,Berks,PA
42,019,42019,Butler,PA
42,053,42053,Forest,PA
48,097,48097,Cooke,TX
48,107,48107,Crosby,TX
51,135,51135,Nottoway,VA
51,197,51197,Wythe,VA
72,057,72057,Guayama,NA
72,059,72059,Guayanilla,NA
42,073,42073,Lawrence,PA
42,083,42083,McKean,PA
42,105,42105,Potter,PA
42,115,42115,Susquehanna,PA
42,121,42121,Venango,PA
48,113,48113,Dallas,TX
48,127,48127,Dimmit,TX
48,131,48131,Duval,TX
48,143,48143,Erath,TX
51,540,51540,Charlottesville,VA
51,570,51570,Colonial Heights,VA
51,610,51610,Falls Church,VA
51,630,51630,Fredericksburg,VA
51,685,51685,Manassas Park,VA
56,041,56041,Uinta,WY
56,045,56045,Weston,WY
60,030,60030,Rose Island,NA
60,040,60040,Swains Island,NA
69,120,69120,Tinian,NA
72,001,72001,Adjuntas,NA
44,001,44001,Bristol,RI
45,001,45001,Abbeville,SC
48,145,48145,Falls,TX
48,149,48149,Fayette,TX
48,161,48161,Freestone,TX
48,163,48163,Frio,TX
48,165,48165,Gaines,TX
48,179,48179,Gray,TX
51,720,51720,Norton,VA
51,740,51740,Portsmouth,VA
51,790,51790,Staunton,VA
51,810,51810,Virginia Beach,VA
72,021,72021,Bayamón,NA
72,025,72025,Caguas,NA
72,033,72033,Cataño,NA
45,039,45039,Fairfield,SC
48,183,48183,Gregg,TX
48,189,48189,Hale,TX
48,221,48221,Hood,TX
48,227,48227,Howard,TX
51,830,51830,Williamsburg,VA
53,013,53013,Columbia,WA
53,029,53029,Island,WA
53,035,53035,Kitsap,WA
53,041,53041,Lewis,WA
53,051,53051,Pend Oreille,WA
72,061,72061,Guaynabo,NA
72,065,72065,Hatillo,NA
45,081,45081,Saluda,SC
46,005,46005,Beadle,SD
46,011,46011,Brookings,SD
48,231,48231,Hunt,TX
48,251,48251,Johnson,TX
53,059,53059,Skamania,WA
54,011,54011,Cabell,WV
54,015,54015,Clay,WV
72,005,72005,Aguadilla,NA
72,007,72007,Aguas Buenas,NA
46,015,46015,Brule,SD
46,035,46035,Davison,SD
46,039,46039,Deuel,SD
46,049,46049,Faulk,SD
48,275,48275,Knox,TX
48,279,48279,Lamb,TX
48,285,48285,Lavaca,TX
48,303,48303,Lubbock,TX
54,049,54049,Marion,WV
54,073,54073,Pleasants,WV
72,035,72035,Cayey,NA
72,041,72041,Cidra,NA
46,059,46059,Hand,SD
46,063,46063,Harding,SD
46,073,46073,Jerauld,SD
46,077,46077,Kingsbury,SD
46,087,46087,McCook,SD
48,309,48309,McLennan,TX
48,337,48337,Montague,TX
48,355,48355,Nueces,TX
54,097,54097,Upshur,WV
54,101,54101,Webster,WV
55,005,55005,Barron,WI
72,069,72069,Humacao,NA
72,077,72077,Juncos,NA
13,047,13047,Catoosa,GA
20,051,20051,Ellis,KS
20,059,20059,Franklin,KS
20,065,20065,Graham,KS
20,069,20069,Gray,KS
23,009,23009,Hancock,ME
23,019,23019,Penobscot,ME
24,015,24015,Cecil,MD
24,025,24025,Harford,MD
24,035,24035,Queen Anne's,MD
25,001,25001,Barnstable,MA
25,009,25009,Essex,MA
13,167,13167,Johnson,GA
13,175,13175,Laurens,GA
05,065,05065,Izard,AR
05,071,05071,Johnson,AR
20,117,20117,Marshall,KS
20,123,20123,Mitchell,KS
20,127,20127,Morris,KS
20,129,20129,Morton,KS
20,137,20137,Norton,KS
25,013,25013,Hampden,MA
26,001,26001,Alcona,MI
72,083,72083,Las Marías,NA
72,087,72087,Loíza,NA
05,079,05079,Lincoln,AR
05,083,05083,Logan,AR
20,139,20139,Osage,KS
20,147,20147,Phillips,KS
20,151,20151,Pratt,KS
20,157,20157,Republic,KS
20,163,20163,Rooks,KS
26,005,26005,Allegan,MI
26,009,26009,Antrim,MI
72,089,72089,Luquillo,NA
72,093,72093,Maricao,NA
72,099,72099,Moca,NA
05,089,05089,Marion,AR
05,123,05123,St. Francis,AR
20,167,20167,Russell,KS
20,173,20173,Sedgwick,KS
20,177,20177,Shawnee,KS
20,181,20181,Sherman,KS
26,011,26011,Arenac,MI
26,015,26015,Barry,MI
72,101,72101,Morovis,NA
72,103,72103,Naguabo,NA
72,105,72105,Naranjito,NA
05,127,05127,Scott,AR
05,137,05137,Stone,AR
20,185,20185,Stafford,KS
20,191,20191,Sumner,KS
20,201,20201,Washington,KS
20,205,20205,Wilson,KS
26,021,26021,Berrien,MI
26,025,26025,Calhoun,MI
26,035,26035,Clare,MI
26,039,26039,Crawford,MI
72,111,72111,Peñuelas,NA
72,121,72121,Sabana Grande,NA
05,141,05141,Van Buren,AR
06,049,06049,Modoc,CA
06,087,06087,Santa Cruz,CA
06,103,06103,Tehama,CA
06,111,06111,Ventura,CA
08,009,08009,Baca,CO
08,011,08011,Bent,CO
20,209,20209,Wyandotte,KS
21,001,21001,Adair,KY
21,015,21015,Boone,KY
26,043,26043,Dickinson,MI
26,049,26049,Genesee,MI
26,059,26059,Hillsdale,MI
72,123,72123,Salinas,NA
72,131,72131,San Sebastián,NA
08,014,08014,Broomfield,CO
08,017,08017,Cheyenne,CO
08,041,08041,El Paso,CO
21,019,21019,Boyd,KY
21,039,21039,Carlisle,KY
26,067,26067,Ionia,MI
26,073,26073,Isabella,MI
26,081,26081,Kent,MI
26,087,26087,Lapeer,MI
72,133,72133,Santa Isabel,NA
72,135,72135,Toa Alta,NA
72,137,72137,Toa Baja,NA
08,047,08047,Gilpin,CO
08,061,08061,Kiowa,CO
08,075,08075,Logan,CO
21,047,21047,Christian,KY
21,053,21053,Clinton,KY
26,091,26091,Lenawee,MI
26,093,26093,Livingston,MI
26,101,26101,Manistee,MI
26,117,26117,Montcalm,MI
72,149,72149,Villalba,NA
72,153,72153,Yauco,NA
08,081,08081,Moffat,CO
08,085,08085,Montrose,CO
08,089,08089,Otero,CO
08,099,08099,Prowers,CO
21,077,21077,Gallatin,KY
21,081,21081,Grant,KY
26,121,26121,Muskegon,MI
27,007,27007,Beltrami,MN
13,055,13055,Chattooga,GA
01,053,01053,Escambia,AL
01,057,01057,Fayette,AL
08,103,08103,Rio Blanco,CO
08,109,08109,Saguache,CO
08,119,08119,Teller,CO
09,003,09003,Hartford,CT
12,001,12001,Alachua,FL
21,087,21087,Green,KY
21,105,21105,Hickman,KY
21,129,21129,Lee,KY
13,057,13057,Cherokee,GA
13,061,13061,Clay,GA
01,067,01067,Henry,AL
01,077,01077,Lauderdale,AL
09,015,09015,Windham,CT
12,011,12011,Broward,FL
21,143,21143,Lyon,KY
21,149,21149,McLean,KY
21,169,21169,Metcalfe,KY
13,065,13065,Clinch,GA
13,071,13071,Colquitt,GA
01,083,01083,Limestone,AL
01,111,01111,Randolph,AL
01,125,01125,Tuscaloosa,AL
12,015,12015,Charlotte,FL
12,021,12021,Collier,FL
12,027,12027,DeSoto,FL
21,173,21173,Montgomery,KY
21,191,21191,Pendleton,KY
13,085,13085,Dawson,GA
13,089,13089,DeKalb,GA
13,171,13171,Lamar,GA
02,013,02013,Aleutians East,AK
02,060,02060,Bristol Bay,AK
02,068,02068,Denali,AK
02,188,02188,Northwest Arctic,AK
02,230,02230,Skagway,AK
02,275,02275,Wrangell,AK
12,051,12051,Hendry,FL
12,061,12061,Indian River,FL
12,063,12063,Jackson,FL
21,201,21201,Robertson,KY
21,207,21207,Russell,KY
13,091,13091,Dodge,GA
13,099,13099,Early,GA
04,003,04003,Cochise,AZ
04,017,04017,Navajo,AZ
05,023,05023,Cleburne,AR
12,067,12067,Lafayette,FL
12,081,12081,Manatee,FL
21,211,21211,Shelby,KY
21,219,21219,Todd,KY
13,101,13101,Echols,GA
13,109,13109,Evans,GA
05,031,05031,Craighead,AR
05,037,05037,Cross,AR
05,047,05047,Franklin,AR
12,099,12099,Palm Beach,FL
13,011,13011,Banks,GA
21,225,21225,Union,KY
22,049,22049,Jackson,LA
13,115,13115,Floyd,GA
13,129,13129,Gordon,GA
05,051,05051,Garland,AR
05,055,05055,Greene,AR
13,015,13015,Bartow,GA
13,035,13035,Butts,GA
13,043,13043,Candler,GA
22,089,22089,St. Charles,LA
22,093,22093,St. James,LA
22,121,22121,West Baton Rouge,LA
13,147,13147,Hart,GA
13,161,13161,Jeff Davis,GA
72,081,72081,Lares,NA
13,177,13177,Lee,GA
17,099,17099,LaSalle,IL
17,103,17103,Lee,IL
17,105,17105,Livingston,IL
19,057,19057,Des Moines,IA
19,061,19061,Dubuque,IA
19,067,19067,Floyd,IA
37,005,37005,Alleghany,NC
37,037,37037,Chatham,NC
13,187,13187,Lumpkin,GA
13,201,13201,Miller,GA
13,207,13207,Monroe,GA
17,113,17113,McLean,IL
17,123,17123,Marshall,IL
17,133,17133,Monroe,IL
19,071,19071,Fremont,IA
19,077,19077,Guthrie,IA
19,081,19081,Hancock,IA
19,089,19089,Howard,IA
37,041,37041,Chowan,NC
37,061,37061,Duplin,NC
13,211,13211,Morgan,GA
13,225,13225,Peach,GA
17,137,17137,Morgan,IL
17,141,17141,Ogle,IL
17,147,17147,Piatt,IL
17,151,17151,Pope,IL
19,095,19095,Iowa,IA
19,099,19099,Jasper,IA
19,101,19101,Jefferson,IA
19,105,19105,Jones,IA
19,109,19109,Kossuth,IA
37,071,37071,Gaston,NC
37,081,37081,Guilford,NC
13,231,13231,Pike,GA
13,235,13235,Pulaski,GA
13,249,13249,Schley,GA
17,157,17157,Randolph,IL
17,165,17165,Saline,IL
19,113,19113,Linn,IA
19,115,19115,Louisa,IA
19,133,19133,Monona,IA
19,137,19137,Montgomery,IA
37,143,37143,Perquimans,NC
13,255,13255,Spalding,GA
13,259,13259,Stewart,GA
17,167,17167,Sangamon,IL
17,179,17179,Tazewell,IL
19,139,19139,Muscatine,IA
19,143,19143,Osceola,IA
19,153,19153,Polk,IA
19,157,19157,Poweshiek,IA
37,149,37149,Polk,NC
13,275,13275,Thomas,GA
13,285,13285,Troup,GA
17,181,17181,Union,IL
17,191,17191,Wayne,IL
17,195,17195,Whiteside,IL
19,161,19161,Sac,IA
19,167,19167,Sioux,IA
19,171,19171,Tama,IA
19,173,19173,Taylor,IA
37,171,37171,Surry,NC
37,181,37181,Vance,NC
13,293,13293,Upson,GA
13,299,13299,Ware,GA
17,203,17203,Woodford,IL
18,001,18001,Adams,IN
18,005,18005,Bartholomew,IN
18,015,18015,Carroll,IN
19,181,19181,Warren,IA
19,185,19185,Wayne,IA
19,191,19191,Winneshiek,IA
19,195,19195,Worth,IA
37,185,37185,Warren,NC
37,187,37187,Washington,NC
13,307,13307,Webster,GA
13,321,13321,Worth,GA
18,019,18019,Clark,IN
18,029,18029,Dearborn,IN
19,197,19197,Wright,IA
20,013,20013,Brown,KS
20,017,20017,Chase,KS
20,021,20021,Cherokee,KS
20,023,20023,Cheyenne,KS
37,191,37191,Wayne,NC
38,001,38001,Adams,ND
16,001,16001,Ada,ID
16,053,16053,Jerome,ID
16,063,16063,Lincoln,ID
18,033,18033,DeKalb,IN
18,039,18039,Elkhart,IN
18,043,18043,Floyd,IN
20,027,20027,Clay,KS
20,031,20031,Coffey,KS
20,037,20037,Crawford,KS
20,045,20045,Douglas,KS
38,009,38009,Bottineau,ND
39,027,39027,Clinton,OH
39,031,39031,Coshocton,OH
39,033,39033,Crawford,OH
16,071,16071,Oneida,ID
16,081,16081,Teton,ID
18,045,18045,Fountain,IN
18,049,18049,Fulton,IN
18,057,18057,Hamilton,IN
18,059,18059,Hancock,IN
35,049,35049,Santa Fe,NM
35,059,35059,Union,NM
36,003,36003,Allegany,NY
39,037,39037,Darke,OH
39,041,39041,Delaware,OH
39,057,39057,Greene,OH
17,009,17009,Brown,IL
17,013,17013,Calhoun,IL
18,069,18069,Huntington,IN
18,073,18073,Jasper,IN
18,077,18077,Jefferson,IN
18,127,18127,Porter,IN
18,131,18131,Pulaski,IN
36,007,36007,Broome,NY
36,011,36011,Cayuga,NY
39,065,39065,Hardin,OH
39,069,39069,Henry,OH
39,071,39071,Highland,OH
39,079,39079,Jackson,OH
17,019,17019,Champaign,IL
17,023,17023,Clark,IL
17,033,17033,Crawford,IL
18,139,18139,Rush,IN
18,141,18141,St. Joseph,IN
18,149,18149,Starke,IN
18,155,18155,Switzerland,IN
18,169,18169,Wabash,IN
36,015,36015,Chemung,NY
36,021,36021,Columbia,NY
39,085,39085,Lake,OH
39,089,39089,Licking,OH
39,099,39099,Mahoning,OH
17,041,17041,Douglas,IL
17,051,17051,Fayette,IL
17,055,17055,Franklin,IL
18,163,18163,Vanderburgh,IN
18,165,18165,Vermillion,IN
36,027,36027,Dutchess,NY
36,039,36039,Greene,NY
39,103,39103,Medina,OH
39,105,39105,Meigs,OH
39,117,39117,Morrow,OH
17,057,17057,Fulton,IL
17,061,17061,Greene,IL
18,173,18173,Warrick,IN
19,005,19005,Allamakee,IA
36,041,36041,Hamilton,NY
36,093,36093,Schenectady,NY
38,011,38011,Bowman,ND
38,015,38015,Burleigh,ND
38,021,38021,Dickey,ND
17,069,17069,Hardin,IL
17,071,17071,Henderson,IL
17,075,17075,Iroquois,IL
19,013,19013,Black Hawk,IA
19,019,19019,Buchanan,IA
19,023,19023,Butler,IA
19,029,19029,Cass,IA
19,037,19037,Chickasaw,IA
36,095,36095,Schoharie,NY
36,099,36099,Seneca,NY
37,033,37033,Caswell,NC
38,033,38033,Golden Valley,ND
38,039,38039,Griggs,ND
38,043,38043,Kidder,ND
38,047,38047,Logan,ND
17,085,17085,Jo Daviess,IL
17,089,17089,Kane,IL
19,043,19043,Clayton,IA
19,047,19047,Crawford,IA
19,053,19053,Decatur,IA
36,109,36109,Tompkins,NY
37,003,37003,Alexander,NC
38,049,38049,McHenry,ND
38,063,38063,Nelson,ND
38,081,38081,Sargent,ND
38,087,38087,Slope,ND
29,107,29107,Lafayette,MO
29,111,29111,Lewis,MO
31,149,31149,Rock,NE
31,159,31159,Seward,NE
31,165,31165,Sioux,NE
45,037,45037,Edgefield,SC
51,115,51115,Mathews,VA
27,055,27055,Houston,MN
27,059,27059,Isanti,MN
27,065,27065,Kanabec,MN
27,083,27083,Lyon,MN
29,117,29117,Livingston,MO
29,121,29121,Macon,MO
29,131,29131,Miller,MO
31,173,31173,Thurston,NE
31,175,31175,Valley,NE
31,179,31179,Wayne,NE
31,183,31183,Wheeler,NE
39,127,39127,Perry,OH
39,129,39129,Pickaway,OH
39,133,39133,Portage,OH
27,085,27085,McLeod,MN
27,093,27093,Meeker,MN
27,099,27099,Mower,MN
27,117,27117,Pipestone,MN
27,121,27121,Pope,MN
29,135,29135,Moniteau,MO
29,141,29141,Morgan,MO
29,145,29145,Newton,MO
32,017,32017,Lincoln,NV
32,021,32021,Mineral,NV
32,027,32027,Pershing,NV
32,029,32029,Storey,NV
39,143,39143,Sandusky,OH
39,147,39147,Seneca,OH
39,151,39151,Stark,OH
27,123,27123,Ramsey,MN
27,131,27131,Rice,MN
27,135,27135,Roseau,MN
29,147,29147,Nodaway,MO
29,151,29151,Osage,MO
33,001,33001,Belknap,NH
33,005,33005,Cheshire,NH
39,153,39153,Summit,OH
39,157,39157,Tuscarawas,OH
39,165,39165,Warren,OH
27,141,27141,Sherburne,MN
27,147,27147,Steele,MN
27,151,27151,Swift,MN
29,165,29165,Platte,MO
29,169,29169,Pulaski,MO
29,175,29175,Randolph,MO
35,001,35001,Bernalillo,NM
35,005,35005,Chaves,NM
35,006,35006,Cibola,NM
35,009,35009,Curry,NM
39,171,39171,Williams,OH
40,001,40001,Adair,OK
40,005,40005,Atoka,OK
40,009,40009,Beckham,OK
27,155,27155,Traverse,MN
27,159,27159,Wadena,MN
27,169,27169,Winona,MN
29,185,29185,St. Clair,MO
29,205,29205,Shelby,MO
29,211,29211,Sullivan,MO
29,215,29215,Texas,MO
35,013,35013,Doña Ana,NM
35,028,35028,Los Alamos,NM
40,019,40019,Carter,OK
40,033,40033,Cotton,OK
40,037,40037,Creek,OK
28,005,28005,Amite,MS
28,019,28019,Choctaw,MS
29,219,29219,Warren,MO
29,221,29221,Washington,MO
29,225,29225,Webster,MO
30,017,30017,Custer,MT
35,031,35031,McKinley,NM
35,035,35035,Otero,NM
40,039,40039,Custer,OK
40,043,40043,Dewey,OK
40,047,40047,Garfield,OK
40,053,40053,Grant,OK
28,025,28025,Clay,MS
28,031,28031,Covington,MS
28,035,28035,Forrest,MS
30,021,30021,Dawson,MT
30,025,30025,Fallon,MT
30,037,30037,Golden Valley,MT
30,051,30051,Liberty,MT
40,153,40153,Woodward,OK
41,009,41009,Columbia,OR
40,061,40061,Haskell,OK
40,071,40071,Kay,OK
28,039,28039,George,MS
28,059,28059,Jackson,MS
30,065,30065,Musselshell,MT
30,079,30079,Prairie,MT
30,097,30097,Sweet Grass,MT
41,071,41071,Yamhill,OR
42,007,42007,Beaver,PA
40,081,40081,Lincoln,OK
40,085,40085,Love,OK
28,063,28063,Jefferson,MS
28,065,28065,Jefferson Davis,MS
28,069,28069,Kemper,MS
30,103,30103,Treasure,MT
30,107,30107,Wheatland,MT
30,109,30109,Wibaux,MT
42,009,42009,Bedford,PA
42,013,42013,Blair,PA
40,091,40091,McIntosh,OK
40,105,40105,Nowata,OK
40,111,40111,Okmulgee,OK
28,073,28073,Lamar,MS
28,077,28077,Lawrence,MS
28,097,28097,Montgomery,MS
28,101,28101,Newton,MS
31,001,31001,Adams,NE
31,011,31011,Boone,NE
31,015,31015,Boyd,NE
42,021,42021,Cambria,PA
42,037,42037,Columbia,PA
42,047,42047,Elk,PA
40,115,40115,Ottawa,OK
40,119,40119,Payne,OK
28,107,28107,Panola,MS
28,113,28113,Pike,MS
28,117,28117,Prentiss,MS
28,125,28125,Sharkey,MS
31,019,31019,Buffalo,NE
31,021,31021,Burt,NE
42,065,42065,Jefferson,PA
42,069,42069,Lackawanna,PA
40,123,40123,Pontotoc,OK
40,129,40129,Roger Mills,OK
28,127,28127,Simpson,MS
28,135,28135,Tallahatchie,MS
28,145,28145,Union,MS
31,067,31067,Gage,NE
31,077,31077,Greeley,NE
31,083,31083,Harlan,NE
31,091,31091,Hooker,NE
31,093,31093,Howard,NE
42,079,42079,Luzerne,PA
42,081,42081,Lycoming,PA
40,143,40143,Tulsa,OK
40,149,40149,Washita,OK
28,155,28155,Webster,MS
29,039,29039,Cedar,MO
29,051,29051,Cole,MO
31,101,31101,Keith,NE
31,111,31111,Lincoln,NE
31,115,31115,Loup,NE
31,121,31121,Merrick,NE
42,107,42107,Schuylkill,PA
42,117,42117,Tioga,PA
42,119,42119,Union,PA
27,017,27017,Carlton,MN
27,035,27035,Crow Wing,MN
27,041,27041,Douglas,MN
29,059,29059,Dallas,MO
29,063,29063,DeKalb,MO
29,065,29065,Dent,MO
29,075,29075,Gentry,MO
29,079,29079,Grundy,MO
31,125,31125,Nance,NE
31,127,31127,Nemaha,NE
31,131,31131,Otoe,NE
42,123,42123,Warren,PA
44,003,44003,Kent,RI
27,045,27045,Fillmore,MN
27,049,27049,Goodhue,MN
29,083,29083,Henry,MO
29,093,29093,Iron,MO
29,097,29097,Jasper,MO
31,139,31139,Pierce,NE
31,141,31141,Platte,NE
31,145,31145,Red Willow,NE
45,011,45011,Barnwell,SC
45,023,45023,Chester,SC
39,119,39119,Muskingum,OH
51,169,51169,Scott,VA
55,125,55125,Vilas,WI
55,129,55129,Washburn,WI
55,131,55131,Washington,WI
55,139,55139,Winnebago,WI
47,103,47103,Lincoln,TN
47,109,47109,McNairy,TN
49,055,49055,Wayne,UT
50,003,50003,Bennington,VT
51,173,51173,Smyth,VA
51,510,51510,Alexandria,VA
51,530,51530,Buena Vista,VA
55,141,55141,Wood,WI
56,007,56007,Carbon,WY
56,011,56011,Crook,WY
56,017,56017,Hot Springs,WY
47,113,47113,Madison,TN
47,131,47131,Obion,TN
50,007,50007,Chittenden,VT
50,011,50011,Franklin,VT
50,023,50023,Washington,VT
51,550,51550,Chesapeake,VA
51,580,51580,Covington,VA
51,600,51600,Fairfax,VA
51,620,51620,Franklin,VA
51,640,51640,Galax,VA
56,023,56023,Lincoln,WY
56,031,56031,Platte,WY
56,037,56037,Sweetwater,WY
01,007,01007,Bibb,AL
47,133,47133,Overton,TN
47,161,47161,Stewart,TN
51,013,51013,Arlington,VA
51,045,51045,Craig,VA
51,650,51650,Hampton,VA
51,680,51680,Lynchburg,VA
51,683,51683,Manassas,VA
01,019,01019,Cherokee,AL
01,031,01031,Coffee,AL
01,123,01123,Tallapoosa,AL
02,185,02185,North Slope,AK
47,175,47175,Van Buren,TN
51,077,51077,Grayson,VA
39,075,39075,Holmes,OH
51,710,51710,Norfolk,VA
51,730,51730,Petersburg,VA
51,750,51750,Radford,VA
06,007,06007,Butte,CA
06,029,06029,Kern,CA
06,095,06095,Solano,CA
08,063,08063,Kit Carson,CO
08,115,08115,Sedgwick,CO
47,181,47181,Wayne,TN
48,009,48009,Archer,TX
48,013,48013,Atascosa,TX
48,037,48037,Bowie,TX
48,043,48043,Brewster,TX
48,053,48053,Burnet,TX
48,067,48067,Cass,TX
48,071,48071,Chambers,TX
28,045,28045,Hancock,MS
24,510,24510,Baltimore,MD
51,770,51770,Roanoke,VA
51,775,51775,Salem,VA
51,840,51840,Winchester,VA
12,019,12019,Clay,FL
12,049,12049,Hardee,FL
13,079,13079,Crawford,GA
13,165,13165,Jenkins,GA
48,077,48077,Clay,TX
48,081,48081,Coke,TX
48,085,48085,Collin,TX
19,059,19059,Dickinson,IA
19,183,19183,Washington,IA
20,075,20075,Hamilton,KS
20,145,20145,Pawnee,KS
53,001,53001,Adams,WA
53,063,53063,Spokane,WA
55,003,55003,Ashland,WI
13,193,13193,Macon,GA
13,223,13223,Paulding,GA
48,087,48087,Collingsworth,TX
48,095,48095,Concho,TX
48,111,48111,Dallam,TX
48,115,48115,Dawson,TX
48,123,48123,DeWitt,TX
48,125,48125,Dickens,TX
48,195,48195,Hansford,TX
42,015,42015,Bradford,PA
46,029,46029,Codington,SD
48,021,48021,Bastrop,TX
48,193,48193,Hamilton,TX
54,055,54055,Mercer,WV
54,061,54061,Monongalia,WV
13,253,13253,Seminole,GA
13,277,13277,Tift,GA
45,089,45089,Williamsburg,SC
46,003,46003,Aurora,SD
46,007,46007,Bennett,SD
48,181,48181,Grayson,TX
48,197,48197,Hardeman,TX
29,155,29155,Pemiscot,MO
31,097,31097,Johnson,NE
35,041,35041,Roosevelt,NM
53,053,53053,Pierce,WA
48,171,48171,Gillespie,TX
54,089,54089,Summers,WV
55,009,55009,Brown,WI
46,013,46013,Brown,SD
46,017,46017,Buffalo,SD
46,019,46019,Butte,SD
48,209,48209,Hays,TX
48,211,48211,Hemphill,TX
48,233,48233,Hutchinson,TX
48,235,48235,Irion,TX
48,243,48243,Jeff Davis,TX
48,249,48249,Jim Wells,TX
21,185,21185,Oldham,KY
26,123,26123,Newaygo,MI
26,137,26137,Otsego,MI
27,047,27047,Freeborn,MN
55,013,55013,Burnett,WI
55,017,55017,Chippewa,WI
55,019,55019,Clark,WI
46,027,46027,Clay,SD
46,033,46033,Custer,SD
46,043,46043,Douglas,SD
46,047,46047,Fall River,SD
48,253,48253,Jones,TX
48,257,48257,Kaufman,TX
48,267,48267,Kimble,TX
48,505,48505,Zapata,TX
50,015,50015,Lamoille,VT
55,063,55063,La Crosse,WI
55,031,55031,Douglas,WI
55,033,55033,Dunn,WI
46,051,46051,Grant,SD
46,061,46061,Hanson,SD
46,079,46079,Lake,SD
46,081,46081,Lawrence,SD
48,271,48271,Kinney,TX
48,281,48281,Lampasas,TX
48,291,48291,Liberty,TX
55,115,55115,Shawano,WI
48,393,48393,Roberts,TX
48,415,48415,Scurry,TX
05,081,05081,Little River,AR
08,097,08097,Pitkin,CO
13,127,13127,Glynn,GA
55,041,55041,Forest,WI
55,045,55045,Green,WI
55,047,55047,Green Lake,WI
46,135,46135,Yankton,SD
47,007,47007,Bledsoe,TN
48,295,48295,Lipscomb,TX
48,297,48297,Live Oak,TX
48,307,48307,McCulloch,TX
28,003,28003,Alcorn,MS
28,123,28123,Scott,MS
29,115,29115,Linn,MO
31,063,31063,Frontier,NE
31,181,31181,Webster,NE
55,061,55061,Kewaunee,WI
55,065,55065,Lafayette,WI
55,071,55071,Manitowoc,WI
47,011,47011,Bradley,TN
47,023,47023,Chester,TN
48,325,48325,Medina,TX
48,329,48329,Midland,TX
48,335,48335,Mitchell,TX
48,353,48353,Nolan,TX
48,357,48357,Ochiltree,TX
48,367,48367,Parker,TX
56,043,56043,Washakie,WY
72,071,72071,Isabela,NA
12,075,12075,Levy,FL
20,071,20071,Greeley,KS
55,079,55079,Milwaukee,WI
55,087,55087,Outagamie,WI
47,027,47027,Clay,TN
47,047,47047,Fayette,TN
47,069,47069,Hardeman,TN
48,369,48369,Parmer,TX
48,381,48381,Randall,TX
48,397,48397,Rockwall,TX
48,417,48417,Shackelford,TX
48,421,48421,Sherman,TX
48,431,48431,Sterling,TX
48,435,48435,Sutton,TX
13,247,13247,Rockdale,GA
17,077,17077,Jackson,IL
55,091,55091,Pepin,WI
55,093,55093,Pierce,WI
55,097,55097,Portage,WI
47,071,47071,Hardin,TN
47,075,47075,Haywood,TN
48,445,48445,Terry,TX
48,477,48477,Washington,TX
48,483,48483,Wheeler,TX
48,487,48487,Wilbarger,TX
37,151,37151,Randolph,NC
38,079,38079,Rolette,ND
39,023,39023,Clark,OH
39,139,39139,Richland,OH
55,101,55101,Racine,WI
55,103,55103,Richland,WI
47,083,47083,Houston,TN
47,095,47095,Lake,TN
48,493,48493,Wilson,TX
49,041,49041,Sevier,UT
20,197,20197,Wabaunsee,KS
21,157,21157,Marshall,KY
37,183,37183,Wake,NC
38,013,38013,Burke,ND
38,041,38041,Hettinger,ND
72,063,72063,Gurabo,NA
72,075,72075,Juana Díaz,NA
28,017,28017,Chickasaw,MS
28,099,28099,Neshoba,MS
40,077,40077,Latimer,OK
40,109,40109,Oklahoma,OK
18,047,18047,Franklin,IN
18,079,18079,Jennings,IN
18,093,18093,Lawrence,IN
18,105,18105,Monroe,IN
38,069,38069,Pierce,ND
39,005,39005,Ashland,OH
39,015,39015,Brown,OH
72,085,72085,Las Piedras,NA
72,109,72109,Patillas,NA
13,081,13081,Crisp,GA
17,095,17095,Knox,IL
18,011,18011,Boone,IN
18,135,18135,Randolph,IN
18,117,18117,Orange,IN
18,137,18137,Ripley,IN
18,167,18167,Vigo,IN
19,065,19065,Fayette,IA
19,093,19093,Ida,IA
39,029,39029,Columbiana,OH
39,059,39059,Guernsey,OH
39,087,39087,Lawrence,OH
72,119,72119,Río Grande,NA
72,129,72129,San Lorenzo,NA
19,123,19123,Mahaska,IA
20,007,20007,Barber,KS
36,089,36089,St. Lawrence,NY
19,121,19121,Madison,IA
19,151,19151,Pocahontas,IA
19,179,19179,Wapello,IA
20,005,20005,Atchison,KS
20,081,20081,Haskell,KS
20,093,20093,Kearny,KS
39,145,39145,Scioto,OH
40,003,40003,Alfalfa,OK
40,059,40059,Harper,OK
13,017,13017,Ben Hill,GA
21,091,21091,Hancock,KY
38,025,38025,Dunn,ND
39,045,39045,Fairfield,OH
39,109,39109,Miami,OH
20,103,20103,Leavenworth,KS
20,121,20121,Miami,KS
20,179,20179,Sheridan,KS
40,083,40083,Logan,OK
40,137,40137,Stephens,OK
41,029,41029,Jackson,OR
26,125,26125,Oakland,MI
17,117,17117,Macoupin,IL
19,015,19015,Boone,IA
40,015,40015,Caddo,OK
40,099,40099,Murray,OK
28,015,28015,Carroll,MS
20,207,20207,Woodson,KS
21,061,21061,Edmonson,KY
21,117,21117,Kenton,KY
41,041,41041,Lincoln,OR
41,053,41053,Polk,OR
20,035,20035,Cowley,KS
37,105,37105,Lee,NC
29,055,29055,Crawford,MO
29,137,29137,Monroe,MO
31,169,31169,Thayer,NE
42,113,42113,Sullivan,PA
54,009,54009,Brooke,WV
21,233,21233,Webster,KY
23,029,23029,Washington,ME
42,025,42025,Carbon,PA
42,077,42077,Lehigh,PA
13,131,13131,Grady,GA
13,173,13173,Lanier,GA
55,069,55069,Lincoln,WI
46,065,46065,Hughes,SD
48,019,48019,Bandera,TX
48,101,48101,Cottle,TX
26,031,26031,Cheboygan,MI
26,113,26113,Missaukee,MI
26,129,26129,Ogemaw,MI
45,033,45033,Dillon,SC
46,053,46053,Gregory,SD
16,047,16047,Gooding,ID
17,001,17001,Adams,IL
17,039,17039,De Witt,IL
48,259,48259,Kendall,TX
48,463,48463,Uvalde,TX
50,021,50021,Rutland,VT
02,164,02164,Lake and Peninsula,AK
26,151,26151,Sanilac,MI
26,161,26161,Washtenaw,MI
27,039,27039,Dodge,MN
46,091,46091,Marshall,SD
46,102,46102,Oglala Lakota,SD
46,115,46115,Spink,SD
17,087,17087,Johnson,IL
17,163,17163,St. Clair,IL
01,127,01127,Walker,AL
04,019,04019,Pima,AZ
27,063,27063,Jackson,MN
27,115,27115,Pine,MN
46,129,46129,Walworth,SD
47,077,47077,Henderson,TN
48,031,48031,Blanco,TX
48,117,48117,Deaf Smith,TX
18,089,18089,Lake,IN
18,107,18107,Montgomery,IN
18,161,18161,Union,IN
19,021,19021,Buena Vista,IA
05,033,05033,Crawford,AR
05,125,05125,Saline,AR
27,143,27143,Sibley,MN
28,057,28057,Itawamba,MS
28,081,28081,Lee,MS
28,139,28139,Tippah,MS
48,147,48147,Fannin,TX
48,159,48159,Franklin,TX
19,069,19069,Franklin,IA
19,107,19107,Keokuk,IA
19,145,19145,Page,IA
19,193,19193,Woodbury,IA
08,025,08025,Crowley,CO
12,005,12005,Bay,FL
29,015,29015,Benton,MO
29,043,29043,Christian,MO
29,101,29101,Johnson,MO
29,129,29129,Mercer,MO
48,265,48265,Kerr,TX
48,293,48293,Limestone,TX
48,437,48437,Swisher,TX
49,039,49039,Sanpete,UT
50,005,50005,Caledonia,VT
20,039,20039,Decatur,KS
20,099,20099,Labette,KS
20,115,20115,Marion,KS
20,165,20165,Rush,KS
12,091,12091,Okaloosa,FL
13,005,13005,Bacon,GA
13,045,13045,Carroll,GA
29,153,29153,Ozark,MO
29,186,29186,Ste. Genevieve,MO
29,213,29213,Taney,MO
51,089,51089,Henry,VA
51,595,51595,Emporia,VA
51,678,51678,Lexington,VA
21,037,21037,Campbell,KY
21,161,21161,Mason,KY
13,087,13087,Decatur,GA
16,055,16055,Kootenai,ID
17,025,17025,Clay,IL
30,091,30091,Sheridan,MT
31,033,31033,Cheyenne,NE
31,045,31045,Dawes,NE
31,075,31075,Grant,NE
31,105,31105,Kimball,NE
51,760,51760,Richmond,VA
53,023,53023,Garfield,WA
22,007,22007,Assumption,LA
22,027,22027,Claiborne,LA
26,007,26007,Alpena,MI
26,085,26085,Lake,MI
17,049,17049,Effingham,IL
17,083,17083,Jersey,IL
31,129,31129,Nuckolls,NE
31,157,31157,Scotts Bluff,NE
31,185,31185,York,NE
33,019,33019,Sullivan,NH
53,069,53069,Wahkiakum,WA
54,053,54053,Mason,WV
54,077,54077,Preston,WV
26,139,26139,Ottawa,MI
26,157,26157,Tuscola,MI
17,111,17111,McHenry,IL
17,139,17139,Moultrie,IL
17,193,17193,White,IL
36,037,36037,Genesee,NY
36,049,36049,Lewis,NY
37,073,37073,Gates,NC
55,053,55053,Jackson,WI
55,081,55081,Monroe,WI
55,137,55137,Waushara,WI
56,025,56025,Natrona,WY
27,009,27009,Benton,MN
27,057,27057,Hubbard,MN
27,105,27105,Nobles,MN
27,149,27149,Stevens,MN
26,057,26057,Gratiot,MI
40,139,40139,Texas,OK
27,025,27025,Chisago,MN
48,331,48331,Milam,TX
48,363,48363,Palo Pinto,TX
38,031,38031,Foster,ND
38,075,38075,Renville,ND
38,093,38093,Stutsman,ND
39,003,39003,Allen,OH
39,063,39063,Hancock,OH
72,073,72073,Jayuya,NA
72,091,72091,Manatí,NA
27,079,27079,Le Sueur,MN
27,111,27111,Otter Tail,MN
27,165,27165,Watonwan,MN
48,439,48439,Tarrant,TX
49,031,49031,Piute,UT
23,005,23005,Cumberland,ME
39,101,39101,Marion,OH
39,149,39149,Shelby,OH
40,011,40011,Blaine,OK
40,049,40049,Garvin,OK
72,107,72107,Orocovis,NA
72,125,72125,San Germán,NA
28,079,28079,Leake,MS
28,111,28111,Perry,MS
29,045,29045,Clark,MO
29,073,29073,Gasconade,MO
35,043,35043,Sandoval,NM
37,045,37045,Cleveland,NC
40,097,40097,Mayes,OK
41,063,41063,Wallowa,OR
72,143,72143,Vega Alta,NA
01,045,01045,Dale,AL
29,103,29103,Knox,MO
29,127,29127,Marion,MO
29,161,29161,Phelps,MO
29,179,29179,Reynolds,MO
48,059,48059,Callahan,TX
01,011,01011,Bullock,AL
01,079,01079,Lawrence,AL
42,039,42039,Crawford,PA
42,087,42087,Mifflin,PA
46,021,46021,Campbell,SD
01,105,01105,Perry,AL
02,290,02290,Yukon-Koyukuk,AK
05,027,05027,Columbia,AR
29,209,29209,Stone,MO
31,079,31079,Hall,NE
31,107,31107,Knox,NE
31,135,31135,Perkins,NE
05,097,05097,Montgomery,AR
13,097,13097,Douglas,GA
13,155,13155,Irwin,GA
46,067,46067,Hutchinson,SD
46,101,46101,Moody,SD
46,119,46119,Sully,SD
05,059,05059,Hot Spring,AR
18,025,18025,Crawford,IN
18,053,18053,Grant,IN
31,163,31163,Sherman,NE
32,007,32007,Elko,NV
13,281,13281,Towns,GA
16,011,16011,Bingham,ID
17,035,17035,Cumberland,IL
47,015,47015,Cannon,TN
47,111,47111,Macon,TN
21,163,21163,Meade,KY
21,215,21215,Spencer,KY
23,013,23013,Knox,ME
34,039,34039,Union,NJ
35,027,35027,Lincoln,NM
17,101,17101,Lawrence,IL
18,013,18013,Brown,IN
18,087,18087,LaGrange,IN
18,113,18113,Noble,IN
18,151,18151,Steuben,IN
48,137,48137,Edwards,TX
48,153,48153,Floyd,TX
48,169,48169,Garza,TX
13,273,13273,Terrell,GA
13,297,13297,Walton,GA
41,069,41069,Wheeler,OR
42,085,42085,Mercer,PA
19,031,19031,Cedar,IA
19,155,19155,Pottawattamie,IA
20,019,20019,Chautauqua,KS
48,217,48217,Hill,TX
48,255,48255,Karnes,TX
05,113,05113,Polk,AR
05,143,05143,Washington,AR
08,095,08095,Phillips,CO
42,109,42109,Snyder,PA
51,183,51183,Sussex,VA
20,079,20079,Harvey,KS
20,107,20107,Linn,KS
20,155,20155,Reno,KS
21,223,21223,Trimble,KY
48,299,48299,Llano,TX
48,375,48375,Potter,TX
48,461,48461,Upton,TX
48,495,48495,Winkler,TX
49,053,49053,Washington,UT
25,019,25019,Nantucket,MA
26,019,26019,Benzie,MI
26,045,26045,Eaton,MI
51,590,51590,Danville,VA
51,690,51690,Martinsville,VA
51,820,51820,Waynesboro,VA
28,147,28147,Walthall,MS
29,007,29007,Audrain,MO
29,025,29025,Caldwell,MO
29,053,29053,Cooper,MO
51,021,51021,Bland,VA
51,065,51065,Fluvanna,VA
15,005,15005,Kalawao,HI
16,067,16067,Minidoka,ID
17,037,17037,DeKalb,IL
54,051,54051,Marshall,WV
54,079,54079,Putnam,WV
29,091,29091,Howell,MO
29,139,29139,Montgomery,MO
29,181,29181,Ripley,MO
31,013,31013,Box Butte,NE
51,520,51520,Bristol,VA
51,700,51700,Newport News,VA
08,123,08123,Weld,CO
12,003,12003,Baker,FL
13,025,13025,Brantley,GA
20,061,20061,Geary,KS
55,027,55027,Dodge,WI
55,055,55055,Jefferson,WI
31,027,31027,Cedar,NE
31,043,31043,Dakota,NE
31,061,31061,Franklin,NE
53,003,53003,Asotin,WA
53,039,53039,Klickitat,WA
26,077,26077,Kalamazoo,MI
26,107,26107,Mecosta,MI
13,067,13067,Cobb,GA
17,007,17007,Boone,IL
55,083,55083,Oconto,WI
05,111,05111,Poinsett,AR
31,099,31099,Kearney,NE
31,143,31143,Polk,NE
32,005,32005,Douglas,NV
54,035,54035,Jackson,WV
55,049,55049,Iowa,WI
17,065,17065,Hamilton,IL
17,093,17093,Kendall,IL
17,127,17127,Massac,IL
12,101,12101,Pasco,FL
46,009,46009,Bon Homme,SD
46,037,46037,Day,SD
46,069,46069,Hyde,SD
48,047,48047,Brooks,TX
35,025,35025,Lea,NM
36,005,36005,Bronx,NY
55,095,55095,Polk,WI
55,133,55133,Waukesha,WI
20,133,20133,Neosho,KS
20,187,20187,Stanton,KS
21,009,21009,Barren,KY
21,035,21035,Calloway,KY
47,061,47061,Grundy,TN
47,179,47179,Washington,TN
36,055,36055,Monroe,NY
36,101,36101,Steuben,NY
72,003,72003,Aguada,NA
72,015,72015,Arroyo,NA
72,029,72029,Canóvanas,NA
13,095,13095,Dougherty,GA
13,125,13125,Glascock,GA
48,075,48075,Childress,TX
48,177,48177,Gonzales,TX
48,191,48191,Hall,TX
48,219,48219,Hockley,TX
48,247,48247,Jim Hogg,TX
48,305,48305,Lynn,TX
37,063,37063,Durham,NC
37,107,37107,Lenoir,NC
72,043,72043,Coamo,NA
72,055,72055,Guánica,NA
17,143,17143,Peoria,IL
17,199,17199,Williamson,IL
28,119,28119,Quitman,MS
29,037,29037,Cass,MO
29,163,29163,Pike,MO
29,217,29217,Vernon,MO
72,095,72095,Maunabo,NA
72,117,72117,Rincón,NA
72,145,72145,Vega Baja,NA
02,198,02198,Prince of Wales-Hyder,AK
29,089,29089,Howard,MO
29,123,29123,Madison,MO
29,187,29187,St. Francois,MO
29,229,29229,Wright,MO
47,017,47017,Carroll,TN
47,051,47051,Franklin,TN
30,111,30111,Yellowstone,MT
31,025,31025,Cass,NE
05,035,05035,Crittenden,AR
08,045,08045,Garfield,CO
18,153,18153,Sullivan,IN
18,183,18183,Whitley,IN
19,033,19033,Cerro Gordo,IA
19,091,19091,Humboldt,IA
47,099,47099,Lawrence,TN
47,137,47137,Pickett,TN
31,049,31049,Deuel,NE
31,085,31085,Hayes,NE
31,147,31147,Richardson,NE
08,079,08079,Mineral,CO
12,043,12043,Glades,FL
12,085,12085,Martin,FL
19,119,19119,Lyon,IA
19,149,19149,Plymouth,IA
47,171,47171,Unicoi,TN
48,027,48027,Bell,TX
48,185,48185,Grimes,TX
48,239,48239,Jackson,TX
48,283,48283,La Salle,TX
48,319,48319,Mason,TX
32,019,32019,Lyon,NV
34,017,34017,Hudson,NJ
20,119,20119,Meade,KS
20,153,20153,Rawlins,KS
21,023,21023,Bracken,KY
19,177,19177,Van Buren,IA
20,011,20011,Bourbon,KS
20,041,20041,Dickinson,KS
35,053,35053,Socorro,NM
48,359,48359,Oldham,TX
48,425,48425,Somervell,TX
50,013,50013,Grand Isle,VT
36,023,36023,Cortland,NY
36,087,36087,Rockland,NY
37,011,37011,Avery,NC
21,057,21057,Cumberland,KY
21,111,21111,Jefferson,KY
36,085,36085,Richmond,NY
36,117,36117,Wayne,NY
51,071,51071,Giles,VA
55,135,55135,Waupaca,WI
37,077,37077,Granville,NC
37,135,37135,Orange,NC
38,091,38091,Steele,ND
21,145,21145,McCracken,KY
21,221,21221,Trigg,KY
26,069,26069,Iosco,MI
26,111,26111,Midland,MI
37,109,37109,Lincoln,NC
37,197,37197,Yadkin,NC
17,201,17201,Winnebago,IL
31,017,31017,Brown,NE
39,011,39011,Auglaize,OH
39,049,39049,Franklin,OH
13,119,13119,Franklin,GA
13,199,13199,Meriwether,GA
38,029,38029,Emmons,ND
38,057,38057,Mercer,ND
01,081,01081,Lee,AL
21,073,21073,Franklin,KY
39,111,39111,Monroe,OH
39,173,39173,Wood,OH
41,037,41037,Lake,OR
16,057,16057,Latah,ID
17,045,17045,Edgar,IL
17,079,17079,Jasper,IL
38,083,38083,Sheridan,ND
39,051,39051,Fulton,OH
39,081,39081,Jefferson,OH
17,169,17169,Schuyler,IL
19,011,19011,Benton,IA
41,057,41057,Tillamook,OR
46,045,46045,Edmunds,SD
17,119,17119,Madison,IL
17,155,17155,Putnam,IL
18,023,18023,Clinton,IN
18,063,18063,Hendricks,IN
39,113,39113,Montgomery,OH
39,141,39141,Ross,OH
22,061,22061,Lincoln,LA
28,027,28027,Coahoma,MS
46,083,46083,Lincoln,SD
46,105,46105,Perkins,SD
19,003,19003,Adams,IA
19,051,19051,Davis,IA
19,085,19085,Harrison,IA
40,051,40051,Grady,OK
41,013,41013,Crook,OR
29,071,29071,Franklin,MO
31,007,31007,Banner,NE
47,067,47067,Hancock,TN
48,121,48121,Denton,TX
48,133,48133,Eastland,TX
19,129,19129,Mills,IA
20,047,20047,Edwards,KS
36,001,36001,Albany,NY
42,057,42057,Fulton,PA
42,093,42093,Montour,PA
42,131,42131,Wyoming,PA
36,083,36083,Rensselaer,NY
40,025,40025,Cimarron,OK
48,269,48269,King,TX
48,327,48327,Menard,TX
48,447,48447,Throckmorton,TX
48,501,48501,Yoakum,TX
50,001,50001,Addison,VT
36,035,36035,Fulton,NY
37,067,37067,Forsyth,NC
37,157,37157,Rockingham,NC
51,670,51670,Hopewell,VA
51,800,51800,Suffolk,VA
54,069,54069,Ohio,WV
41,067,41067,Washington,OR
46,025,46025,Clark,SD
51,035,51035,Carroll,VA
51,660,51660,Harrisonburg,VA
54,029,54029,Hancock,WV
37,195,37195,Wilson,NC
38,073,38073,Ransom,ND
39,055,39055,Geauga,OH
54,105,54105,Wirt,WV
55,117,55117,Sheboygan,WI
55,109,55109,St. Croix,WI
72,139,72139,Trujillo Alto,NA
26,105,26105,Mason,MI
54,091,54091,Taylor,WV
55,035,55035,Eau Claire,WI
55,099,55099,Price,WI
56,009,56009,Converse,WY
39,093,39093,Lorain,OH
40,029,40029,Coal,OK
40,063,40063,Hughes,OK
56,021,56021,Laramie,WY
05,087,05087,Madison,AR
08,087,08087,Morgan,CO
22,019,22019,Calcasieu,LA
23,001,23001,Androscoggin,ME
72,009,72009,Aibonito,NA
72,027,72027,Camuy,NA
40,147,40147,Washington,OK
27,037,27037,Dakota,MN
28,009,28009,Benton,MS
28,131,28131,Stone,MS
16,017,16017,Bonner,ID
46,031,46031,Corson,SD
26,127,26127,Oceana,MI
26,145,26145,Saginaw,MI
27,003,27003,Anoka,MN
72,049,72049,Culebra,NA
72,067,72067,Hormigueros,NA
28,093,28093,Marshall,MS
29,049,29049,Clinton,MO
18,081,18081,Johnson,IN
30,041,30041,Hill,MT
31,005,31005,Arthur,NE
31,087,31087,Hitchcock,NE
31,117,31117,McPherson,NE
31,155,31155,Saunders,NE
33,011,33011,Hillsborough,NH
01,055,01055,Etowah,AL
02,180,02180,Nome,AK
06,003,06003,Alpine,CA
06,057,06057,Nevada,CA
08,083,08083,Montezuma,CO
12,055,12055,Highlands,FL
12,127,12127,Volusia,FL
13,141,13141,Hancock,GA
13,271,13271,Telfair,GA
16,025,16025,Camas,ID
17,043,17043,DuPage,IL
21,007,21007,Ballard,KY
21,131,21131,Leslie,KY
22,011,22011,Beauregard,LA
22,081,22081,Red River,LA
24,033,24033,Prince George's,MD
26,163,26163,Wayne,MI
28,007,28007,Attala,MS
30,077,30077,Powell,MT
34,023,34023,Middlesex,NJ
36,081,36081,Queens,NY
37,083,37083,Halifax,NC
37,155,37155,Robeson,NC
41,005,41005,Clackamas,OR
42,111,42111,Somerset,PA
45,063,45063,Lexington,SC
47,005,47005,Benton,TN
47,097,47097,Lauderdale,TN
48,025,48025,Bee,TX
48,151,48151,Fisher,TX
49,011,49011,Davis,UT
51,037,51037,Charlotte,VA
51,109,51109,Louisa,VA
51,177,51177,Spotsylvania,VA
53,015,53015,Cowlitz,WA
54,021,54021,Gilmer,WV
54,103,54103,Wetzel,WV
69,110,69110,Saipan,NA
72,115,72115,Quebradillas,NA
01,107,01107,Pickens,AL
02,158,02158,Kusilvak,AK
01,089,01089,Madison,AL
02,282,02282,Yakutat,AK
05,139,05139,Union,AR
06,019,06019,Fresno,CA
06,081,06081,San Mateo,CA
08,077,08077,Mesa,CO
12,031,12031,Duval,FL
12,131,12131,Walton,FL
13,121,13121,Fulton,GA
13,209,13209,Montgomery,GA
13,315,13315,Wilcox,GA
18,147,18147,Spencer,IN
20,025,20025,Clark,KS
21,093,21093,Hardin,KY
21,189,21189,Owsley,KY
22,009,22009,Avoyelles,LA
22,047,22047,Iberville,LA
22,099,22099,St. Martin,LA
25,007,25007,Dukes,MA
28,055,28055,Issaquena,MS
05,109,05109,Pike,AR
06,059,06059,Orange,CA
08,019,08019,Clear Creek,CO
09,007,09007,Middlesex,CT
12,053,12053,Hernando,FL
21,125,21125,Laurel,KY
21,205,21205,Rowan,KY
22,077,22077,Pointe Coupee,LA
13,133,13133,Greene,GA
13,217,13217,Newton,GA
17,161,17161,Rock Island,IL
36,025,36025,Delaware,NY
37,023,37023,Burke,NC
37,099,37099,Jackson,NC
38,071,38071,Ramsey,ND
27,061,27061,Itasca,MN
27,161,27161,Waseca,MN
30,001,30001,Beaverhead,MT
30,069,30069,Petroleum,MT
32,001,32001,Churchill,NV
34,015,34015,Gloucester,NJ
29,057,29057,Dade,MO
34,041,34041,Warren,NJ
36,029,36029,Erie,NY
36,047,36047,Kings,NY
37,007,37007,Anson,NC
37,127,37127,Nash,NC
38,085,38085,Sioux,ND
41,033,41033,Josephine,OR
41,061,41061,Union,OR
42,075,42075,Lebanon,PA
46,123,46123,Tripp,SD
47,063,47063,Hamblen,TN
47,173,47173,Union,TN
48,073,48073,Cherokee,TX
48,199,48199,Hardin,TX
49,015,49015,Emery,UT
51,001,51001,Accomack,VA
35,045,35045,San Juan,NM
42,027,42027,Centre,PA
42,095,42095,Northampton,PA
45,013,45013,Beaufort,SC
51,127,51127,New Kent,VA
51,735,51735,Poquoson,VA
54,031,54031,Hardy,WV
54,085,54085,Ritchie,WV
55,078,55078,Menominee,WI
56,027,56027,Niobrara,WY
45,061,45061,Lee,SC
51,125,51125,Nelson,VA
51,161,51161,Roanoke,VA
53,043,53043,Lincoln,WA
54,047,54047,McDowell,WV
04,012,04012,La Paz,AZ
05,045,05045,Faulkner,AR
06,051,06051,Mono,CA
06,083,06083,Santa Barbara,CA
08,055,08055,Huerfano,CO
13,039,13039,Camden,GA
21,139,21139,Livingston,KY
21,197,21197,Powell,KY
22,055,22055,Lafayette,LA
22,117,22117,Washington,LA
17,081,17081,Jefferson,IL
36,103,36103,Suffolk,NY
37,043,37043,Clay,NC
37,091,37091,Hertford,NC
28,011,28011,Bolivar,MS
53,057,53057,Skagit,WA
46,057,46057,Hamlin,SD
47,123,47123,Monroe,TN
47,185,47185,White,TN
48,091,48091,Comal,TX
48,229,48229,Hudspeth,TX
48,343,48343,Morris,TX
48,407,48407,San Jacinto,TX
48,443,48443,Terrell,TX
49,047,49047,Uintah,UT
51,033,51033,Caroline,VA
51,095,51095,James City,VA
16,049,16049,Idaho,ID
37,029,37029,Camden,NC
48,313,48313,Madison,TX
08,057,08057,Jackson,CO
37,051,37051,Cumberland,NC
27,103,27103,Nicollet,MN
54,095,54095,Tyler,WV
01,047,01047,Dallas,AL
08,111,08111,San Juan,CO
20,149,20149,Pottawatomie,KS
01,001,01001,Autauga,AL
02,130,02130,Ketchikan Gateway,AK
06,033,06033,Lake,CA
08,053,08053,Hinsdale,CO
12,119,12119,Sumter,FL
13,183,13183,Long,GA
16,023,16023,Butte,ID
18,003,18003,Allen,IN
20,135,20135,Ness,KS
21,239,21239,Woodford,KY
22,087,22087,St. Bernard,LA
26,153,26153,Schoolcraft,MI
28,143,28143,Tunica,MS
29,143,29143,New Madrid,MO
30,047,30047,Lake,MT
12,125,12125,Union,FL
47,189,47189,Wilson,TN
48,063,48063,Camp,TX
48,311,48311,McMullen,TX
49,033,49033,Rich,UT
51,009,51009,Amherst,VA
51,047,51047,Culpeper,VA
22,015,22015,Bossier,LA
25,027,25027,Worcester,MA
36,061,36061,New York,NY
48,323,48323,Maverick,TX
16,013,16013,Blaine,ID
20,203,20203,Wichita,KS
55,111,55111,Sauk,WI
47,119,47119,Maury,TN
49,057,49057,Weber,UT
16,003,16003,Adams,ID
21,051,21051,Clay,KY
49,037,49037,San Juan,UT
51,113,51113,Madison,VA
08,117,08117,Summit,CO
22,097,22097,St. Landry,LA
13,309,13309,Wheeler,GA
24,029,24029,Kent,MD
27,173,27173,Yellow Medicine,MN
34,031,34031,Passaic,NJ
37,159,37159,Rowan,NC
42,049,42049,Erie,PA
47,135,47135,Perry,TN
23,025,23025,Somerset,ME
30,089,30089,Sanders,MT
45,031,45031,Darlington,SC
08,007,08007,Archuleta,CO
04,007,04007,Gila,AZ
12,013,12013,Calhoun,FL
17,153,17153,Pulaski,IL
12,057,12057,Hillsborough,FL
22,101,22101,St. Mary,LA
53,077,53077,Yakima,WA
46,071,46071,Jackson,SD
48,433,48433,Stonewall,TX
31,113,31113,Logan,NE
36,053,36053,Madison,NY
37,087,37087,Haywood,NC
40,079,40079,Le Flore,OK
41,055,41055,Sherman,OR
45,019,45019,Charleston,SC
47,001,47001,Anderson,TN
48,007,48007,Aransas,TX
48,241,48241,Jasper,TX
48,403,48403,Sabine,TX
49,043,49043,Summit,UT
51,133,51133,Northumberland,VA
53,025,53025,Grant,WA
54,081,54081,Raleigh,WV
01,063,01063,Greene,AL
02,090,02090,Fairbanks North Star,AK
05,103,05103,Ouachita,AR
06,079,06079,San Luis Obispo,CA
08,065,08065,Lake,CO
12,037,12037,Franklin,FL
27,067,27067,Kandiyohi,MN
45,067,45067,Marion,SC
48,389,48389,Reeves,TX
01,097,01097,Mobile,AL
06,077,06077,San Joaquin,CA
23,023,23023,Sagadahoc,ME
18,145,18145,Shelby,IN
21,229,21229,Washington,KY
22,113,22113,Vermilion,LA
26,033,26033,Chippewa,MI
13,105,13105,Elbert,GA
13,221,13221,Oglethorpe,GA
19,009,19009,Audubon,IA
36,123,36123,Yates,NY
37,161,37161,Rutherford,NC
39,047,39047,Fayette,OH
29,099,29099,Jefferson,MO
29,197,29197,Schuyler,MO
30,083,30083,Richland,MT
41,065,41065,Wasco,OR
42,103,42103,Pike,PA
13,049,13049,Charlton,GA
47,151,47151,Scott,TN
48,051,48051,Burleson,TX
48,301,48301,Loving,TX
48,411,48411,San Saba,TX
50,017,50017,Orange,VT
51,083,51083,Halifax,VA
51,087,51087,Henrico,VA
29,019,29019,Boone,MO
05,119,05119,Pulaski,AR
51,105,51105,Lee,VA
06,027,06027,Inyo,CA
21,027,21027,Breckinridge,KY
39,115,39115,Morgan,OH
48,465,48465,Val Verde,TX
54,025,54025,Greenbrier,WV
30,003,30003,Big Horn,MT
51,119,51119,Middlesex,VA
48,237,48237,Jack,TX
01,033,01033,Colbert,AL
12,129,12129,Wakulla,FL
29,227,29227,Worth,MO
08,005,08005,Arapahoe,CO
24,039,24039,Somerset,MD
45,021,45021,Cherokee,SC
48,099,48099,Coryell,TX
12,105,12105,Polk,FL
53,045,53045,Mason,WA
49,017,49017,Garfield,UT
19,163,19163,Scott,IA
27,145,27145,Stearns,MN
37,069,37069,Franklin,NC
48,317,48317,Martin,TX
54,107,54107,Wood,WV
13,269,13269,Taylor,GA
01,003,01003,Baldwin,AL
